index,sent_at
0,2023-06-07 16:33:44.423106
1,2023-06-07 16:33:44.441842
2,2023-06-07 16:33:44.459974
3,2023-06-07 16:33:44.477748
4,2023-06-07 16:33:44.495597
5,2023-06-07 16:33:44.513261
6,2023-06-07 16:33:44.531025
7,2023-06-07 16:33:44.548664
8,2023-06-07 16:33:44.566703
9,2023-06-07 16:33:44.584355
10,2023-06-07 16:33:44.602196
11,2023-06-07 16:33:44.619925
12,2023-06-07 16:33:44.637609
13,2023-06-07 16:33:44.655420
14,2023-06-07 16:33:44.673141
15,2023-06-07 16:33:44.690796
16,2023-06-07 16:33:44.708498
17,2023-06-07 16:33:44.726262
18,2023-06-07 16:33:44.743980
19,2023-06-07 16:33:44.761823
20,2023-06-07 16:33:44.779552
21,2023-06-07 16:33:44.797374
22,2023-06-07 16:33:44.815220
23,2023-06-07 16:33:44.832906
24,2023-06-07 16:33:44.850708
25,2023-06-07 16:33:44.870290
26,2023-06-07 16:33:44.887980
27,2023-06-07 16:33:44.905715
28,2023-06-07 16:33:44.923268
29,2023-06-07 16:33:44.940840
30,2023-06-07 16:33:44.958639
31,2023-06-07 16:33:44.976291
32,2023-06-07 16:33:44.996653
33,2023-06-07 16:33:45.014401
34,2023-06-07 16:33:45.031996
35,2023-06-07 16:33:45.049667
36,2023-06-07 16:33:45.067204
37,2023-06-07 16:33:45.084826
38,2023-06-07 16:33:45.102488
39,2023-06-07 16:33:45.123848
40,2023-06-07 16:33:45.141588
41,2023-06-07 16:33:45.159360
42,2023-06-07 16:33:45.177132
43,2023-06-07 16:33:45.194983
44,2023-06-07 16:33:45.212791
45,2023-06-07 16:33:45.230640
46,2023-06-07 16:33:45.248325
47,2023-06-07 16:33:45.266135
48,2023-06-07 16:33:45.283800
49,2023-06-07 16:33:45.301558
50,2023-06-07 16:33:45.319293
51,2023-06-07 16:33:45.336930
52,2023-06-07 16:33:45.354514
53,2023-06-07 16:33:45.372141
54,2023-06-07 16:33:45.389857
55,2023-06-07 16:33:45.407473
56,2023-06-07 16:33:45.425148
57,2023-06-07 16:33:45.442934
58,2023-06-07 16:33:45.460769
59,2023-06-07 16:33:45.478626
60,2023-06-07 16:33:45.496387
61,2023-06-07 16:33:45.514362
62,2023-06-07 16:33:45.533298
63,2023-06-07 16:33:45.554771
64,2023-06-07 16:33:45.572436
65,2023-06-07 16:33:45.590252
66,2023-06-07 16:33:45.607928
67,2023-06-07 16:33:45.625723
68,2023-06-07 16:33:45.643443
69,2023-06-07 16:33:45.661235
70,2023-06-07 16:33:45.679063
71,2023-06-07 16:33:45.696912
72,2023-06-07 16:33:45.714799
73,2023-06-07 16:33:45.732481
74,2023-06-07 16:33:45.750185
75,2023-06-07 16:33:45.767900
76,2023-06-07 16:33:45.785665
77,2023-06-07 16:33:45.803405
78,2023-06-07 16:33:45.821077
79,2023-06-07 16:33:45.838737
80,2023-06-07 16:33:45.856339
81,2023-06-07 16:33:45.874193
82,2023-06-07 16:33:45.891875
83,2023-06-07 16:33:45.909537
84,2023-06-07 16:33:45.927483
85,2023-06-07 16:33:45.945314
86,2023-06-07 16:33:45.963148
87,2023-06-07 16:33:45.980986
88,2023-06-07 16:33:45.998729
89,2023-06-07 16:33:46.016414
90,2023-06-07 16:33:46.034223
91,2023-06-07 16:33:46.051952
92,2023-06-07 16:33:46.069694
93,2023-06-07 16:33:46.087386
94,2023-06-07 16:33:46.105052
95,2023-06-07 16:33:46.122880
96,2023-06-07 16:33:46.140548
97,2023-06-07 16:33:46.158371
98,2023-06-07 16:33:46.179992
99,2023-06-07 16:33:46.197882
100,2023-06-07 16:33:46.215690
101,2023-06-07 16:33:46.233500
102,2023-06-07 16:33:46.251395
103,2023-06-07 16:33:46.269060
104,2023-06-07 16:33:46.286793
105,2023-06-07 16:33:46.304401
106,2023-06-07 16:33:46.321990
107,2023-06-07 16:33:46.339639
108,2023-06-07 16:33:46.357367
109,2023-06-07 16:33:46.375279
110,2023-06-07 16:33:46.392971
111,2023-06-07 16:33:46.410817
112,2023-06-07 16:33:46.428591
113,2023-06-07 16:33:46.446460
114,2023-06-07 16:33:46.464273
115,2023-06-07 16:33:46.482111
116,2023-06-07 16:33:46.499795
117,2023-06-07 16:33:46.517549
118,2023-06-07 16:33:46.535401
119,2023-06-07 16:33:46.553119
120,2023-06-07 16:33:46.570686
121,2023-06-07 16:33:46.588273
122,2023-06-07 16:33:46.605907
123,2023-06-07 16:33:46.623683
124,2023-06-07 16:33:46.641321
125,2023-06-07 16:33:46.659766
126,2023-06-07 16:33:46.677530
127,2023-06-07 16:33:46.695369
128,2023-06-07 16:33:46.712926
129,2023-06-07 16:33:46.730724
130,2023-06-07 16:33:46.748540
131,2023-06-07 16:33:46.766313
132,2023-06-07 16:33:46.783996
133,2023-06-07 16:33:46.801701
134,2023-06-07 16:33:46.819444
135,2023-06-07 16:33:46.837095
136,2023-06-07 16:33:46.854869
137,2023-06-07 16:33:46.872521
138,2023-06-07 16:33:46.890329
139,2023-06-07 16:33:46.908017
140,2023-06-07 16:33:46.926278
141,2023-06-07 16:33:46.944011
142,2023-06-07 16:33:46.963857
143,2023-06-07 16:33:46.981707
144,2023-06-07 16:33:46.999523
145,2023-06-07 16:33:47.017366
146,2023-06-07 16:33:47.035321
147,2023-06-07 16:33:47.052981
148,2023-06-07 16:33:47.070799
149,2023-06-07 16:33:47.088406
150,2023-06-07 16:33:47.106219
151,2023-06-07 16:33:47.124032
152,2023-06-07 16:33:47.141770
153,2023-06-07 16:33:47.159790
154,2023-06-07 16:33:47.177559
155,2023-06-07 16:33:47.195386
156,2023-06-07 16:33:47.213154
157,2023-06-07 16:33:47.231140
158,2023-06-07 16:33:47.248905
159,2023-06-07 16:33:47.266838
160,2023-06-07 16:33:47.285486
161,2023-06-07 16:33:47.303292
162,2023-06-07 16:33:47.320979
163,2023-06-07 16:33:47.338586
164,2023-06-07 16:33:47.357082
165,2023-06-07 16:33:47.374955
166,2023-06-07 16:33:47.392605
167,2023-06-07 16:33:47.410448
168,2023-06-07 16:33:47.428225
169,2023-06-07 16:33:47.446065
170,2023-06-07 16:33:47.463821
171,2023-06-07 16:33:47.481725
172,2023-06-07 16:33:47.499676
173,2023-06-07 16:33:47.517554
174,2023-06-07 16:33:47.535416
175,2023-06-07 16:33:47.553111
176,2023-06-07 16:33:47.571085
177,2023-06-07 16:33:47.588789
178,2023-06-07 16:33:47.606545
179,2023-06-07 16:33:47.624165
180,2023-06-07 16:33:47.648496
181,2023-06-07 16:33:47.666356
182,2023-06-07 16:33:47.684054
183,2023-06-07 16:33:47.701821
184,2023-06-07 16:33:47.719507
185,2023-06-07 16:33:47.737127
186,2023-06-07 16:33:47.754812
187,2023-06-07 16:33:47.772711
188,2023-06-07 16:33:47.790555
189,2023-06-07 16:33:47.808395
190,2023-06-07 16:33:47.826227
191,2023-06-07 16:33:47.843965
192,2023-06-07 16:33:47.861797
193,2023-06-07 16:33:47.880142
194,2023-06-07 16:33:47.898066
195,2023-06-07 16:33:47.915912
196,2023-06-07 16:33:47.933776
197,2023-06-07 16:33:47.951613
198,2023-06-07 16:33:47.969392
199,2023-06-07 16:33:47.987180
200,2023-06-07 16:33:48.004905
201,2023-06-07 16:33:48.022813
202,2023-06-07 16:33:48.040795
203,2023-06-07 16:33:48.058442
204,2023-06-07 16:33:48.076170
205,2023-06-07 16:33:48.093967
206,2023-06-07 16:33:48.111646
207,2023-06-07 16:33:48.129953
208,2023-06-07 16:33:48.147823
209,2023-06-07 16:33:48.165470
210,2023-06-07 16:33:48.183532
211,2023-06-07 16:33:48.201315
212,2023-06-07 16:33:48.219125
213,2023-06-07 16:33:48.236937
214,2023-06-07 16:33:48.254857
215,2023-06-07 16:33:48.272742
216,2023-06-07 16:33:48.290590
217,2023-06-07 16:33:48.308252
218,2023-06-07 16:33:48.325910
219,2023-06-07 16:33:48.343625
220,2023-06-07 16:33:48.361169
221,2023-06-07 16:33:48.378610
222,2023-06-07 16:33:48.396143
223,2023-06-07 16:33:48.413783
224,2023-06-07 16:33:48.431644
225,2023-06-07 16:33:48.449530
226,2023-06-07 16:33:48.467510
227,2023-06-07 16:33:48.485169
228,2023-06-07 16:33:48.502814
229,2023-06-07 16:33:48.520167
230,2023-06-07 16:33:48.537738
231,2023-06-07 16:33:48.555468
232,2023-06-07 16:33:48.573131
233,2023-06-07 16:33:48.590711
234,2023-06-07 16:33:48.608468
235,2023-06-07 16:33:48.626262
236,2023-06-07 16:33:48.643940
237,2023-06-07 16:33:48.661694
238,2023-06-07 16:33:48.679506
239,2023-06-07 16:33:48.697363
240,2023-06-07 16:33:48.715270
241,2023-06-07 16:33:48.732906
242,2023-06-07 16:33:48.750703
243,2023-06-07 16:33:48.771825
244,2023-06-07 16:33:48.789563
245,2023-06-07 16:33:48.807114
246,2023-06-07 16:33:48.824705
247,2023-06-07 16:33:48.842557
248,2023-06-07 16:33:48.861207
249,2023-06-07 16:33:48.878953
250,2023-06-07 16:33:48.896540
251,2023-06-07 16:33:48.914497
252,2023-06-07 16:33:48.932423
253,2023-06-07 16:33:48.950183
254,2023-06-07 16:33:48.968080
255,2023-06-07 16:33:48.985870
256,2023-06-07 16:33:49.003784
257,2023-06-07 16:33:49.021537
258,2023-06-07 16:33:49.039327
259,2023-06-07 16:33:49.056944
260,2023-06-07 16:33:49.074760
261,2023-06-07 16:33:49.092542
262,2023-06-07 16:33:49.110361
263,2023-06-07 16:33:49.128021
264,2023-06-07 16:33:49.145613
265,2023-06-07 16:33:49.163499
266,2023-06-07 16:33:49.181311
267,2023-06-07 16:33:49.200059
268,2023-06-07 16:33:49.217899
269,2023-06-07 16:33:49.235589
270,2023-06-07 16:33:49.253303
271,2023-06-07 16:33:49.271185
272,2023-06-07 16:33:49.288889
273,2023-06-07 16:33:49.306298
274,2023-06-07 16:33:49.323997
275,2023-06-07 16:33:49.341431
276,2023-06-07 16:33:49.359085
277,2023-06-07 16:33:49.376835
278,2023-06-07 16:33:49.394474
279,2023-06-07 16:33:49.412130
280,2023-06-07 16:33:49.430026
281,2023-06-07 16:33:49.448220
282,2023-06-07 16:33:49.466088
283,2023-06-07 16:33:49.483824
284,2023-06-07 16:33:49.501705
285,2023-06-07 16:33:49.519563
286,2023-06-07 16:33:49.537407
287,2023-06-07 16:33:49.555188
288,2023-06-07 16:33:49.572883
289,2023-06-07 16:33:49.590795
290,2023-06-07 16:33:49.610041
291,2023-06-07 16:33:49.628002
292,2023-06-07 16:33:49.645865
293,2023-06-07 16:33:49.663884
294,2023-06-07 16:33:49.685295
295,2023-06-07 16:33:49.703381
296,2023-06-07 16:33:49.721158
297,2023-06-07 16:33:49.739071
298,2023-06-07 16:33:49.756955
299,2023-06-07 16:33:49.774666
300,2023-06-07 16:33:49.792490
301,2023-06-07 16:33:49.810317
302,2023-06-07 16:33:49.828057
303,2023-06-07 16:33:49.845878
304,2023-06-07 16:33:49.863687
305,2023-06-07 16:33:49.881453
306,2023-06-07 16:33:49.899430
307,2023-06-07 16:33:49.917279
308,2023-06-07 16:33:49.935353
309,2023-06-07 16:33:49.953202
310,2023-06-07 16:33:49.973673
311,2023-06-07 16:33:49.991560
312,2023-06-07 16:33:50.009758
313,2023-06-07 16:33:50.027558
314,2023-06-07 16:33:50.045228
315,2023-06-07 16:33:50.062750
316,2023-06-07 16:33:50.080667
317,2023-06-07 16:33:50.099139
318,2023-06-07 16:33:50.117096
319,2023-06-07 16:33:50.134900
320,2023-06-07 16:33:50.153252
321,2023-06-07 16:33:50.171351
322,2023-06-07 16:33:50.189016
323,2023-06-07 16:33:50.207037
324,2023-06-07 16:33:50.224857
325,2023-06-07 16:33:50.242931
326,2023-06-07 16:33:50.260979
327,2023-06-07 16:33:50.279093
328,2023-06-07 16:33:50.297022
329,2023-06-07 16:33:50.314689
330,2023-06-07 16:33:50.332846
331,2023-06-07 16:33:50.350880
332,2023-06-07 16:33:50.369664
333,2023-06-07 16:33:50.387778
334,2023-06-07 16:33:50.405556
335,2023-06-07 16:33:50.423319
336,2023-06-07 16:33:50.441044
337,2023-06-07 16:33:50.458876
338,2023-06-07 16:33:50.476834
339,2023-06-07 16:33:50.494769
340,2023-06-07 16:33:50.512680
341,2023-06-07 16:33:50.530519
342,2023-06-07 16:33:50.548395
343,2023-06-07 16:33:50.566308
344,2023-06-07 16:33:50.595655
345,2023-06-07 16:33:50.613269
346,2023-06-07 16:33:50.630719
347,2023-06-07 16:33:50.648573
348,2023-06-07 16:33:50.666752
349,2023-06-07 16:33:50.684904
350,2023-06-07 16:33:50.702889
351,2023-06-07 16:33:50.724255
352,2023-06-07 16:33:50.742180
353,2023-06-07 16:33:50.759983
354,2023-06-07 16:33:50.780015
355,2023-06-07 16:33:50.797778
356,2023-06-07 16:33:50.825751
357,2023-06-07 16:33:50.854964
358,2023-06-07 16:33:50.879338
359,2023-06-07 16:33:50.906285
360,2023-06-07 16:33:50.943340
361,2023-06-07 16:33:50.965998
362,2023-06-07 16:33:50.984604
363,2023-06-07 16:33:51.003481
364,2023-06-07 16:33:51.023426
365,2023-06-07 16:33:51.046468
366,2023-06-07 16:33:51.064592
367,2023-06-07 16:33:51.098780
368,2023-06-07 16:33:51.116423
369,2023-06-07 16:33:51.134278
370,2023-06-07 16:33:51.167927
371,2023-06-07 16:33:51.189884
372,2023-06-07 16:33:51.224907
373,2023-06-07 16:33:51.264741
374,2023-06-07 16:33:51.290046
375,2023-06-07 16:33:51.312549
376,2023-06-07 16:33:51.342112
377,2023-06-07 16:33:51.366707
378,2023-06-07 16:33:51.391779
379,2023-06-07 16:33:51.411578
380,2023-06-07 16:33:51.453362
381,2023-06-07 16:33:51.481089
382,2023-06-07 16:33:51.531763
383,2023-06-07 16:33:51.582771
384,2023-06-07 16:33:51.600984
385,2023-06-07 16:33:51.620948
386,2023-06-07 16:33:51.641852
387,2023-06-07 16:33:51.666169
388,2023-06-07 16:33:51.688883
389,2023-06-07 16:33:51.712430
390,2023-06-07 16:33:51.739646
391,2023-06-07 16:33:51.758042
392,2023-06-07 16:33:51.796446
393,2023-06-07 16:33:51.814271
394,2023-06-07 16:33:51.855924
395,2023-06-07 16:33:51.903839
396,2023-06-07 16:33:51.967657
397,2023-06-07 16:33:51.993060
398,2023-06-07 16:33:52.016175
399,2023-06-07 16:33:52.034121
400,2023-06-07 16:33:52.051868
401,2023-06-07 16:33:52.069661
402,2023-06-07 16:33:52.087642
403,2023-06-07 16:33:52.105512
404,2023-06-07 16:33:52.123355
405,2023-06-07 16:33:52.141002
406,2023-06-07 16:33:52.158790
407,2023-06-07 16:33:52.180042
408,2023-06-07 16:33:52.197781
409,2023-06-07 16:33:52.215606
410,2023-06-07 16:33:52.233416
411,2023-06-07 16:33:52.251372
412,2023-06-07 16:33:52.269337
413,2023-06-07 16:33:52.287340
414,2023-06-07 16:33:52.305324
415,2023-06-07 16:33:52.323353
416,2023-06-07 16:33:52.341055
417,2023-06-07 16:33:52.358770
418,2023-06-07 16:33:52.376911
419,2023-06-07 16:33:52.394842
420,2023-06-07 16:33:52.413088
421,2023-06-07 16:33:52.430992
422,2023-06-07 16:33:52.448653
423,2023-06-07 16:33:52.466498
424,2023-06-07 16:33:52.484456
425,2023-06-07 16:33:52.502353
426,2023-06-07 16:33:52.520138
427,2023-06-07 16:33:52.539291
428,2023-06-07 16:33:52.556980
429,2023-06-07 16:33:52.574823
430,2023-06-07 16:33:52.592764
431,2023-06-07 16:33:52.610686
432,2023-06-07 16:33:52.628345
433,2023-06-07 16:33:52.646191
434,2023-06-07 16:33:52.664483
435,2023-06-07 16:33:52.683026
436,2023-06-07 16:33:52.700860
437,2023-06-07 16:33:52.719448
438,2023-06-07 16:33:52.737145
439,2023-06-07 16:33:52.754828
440,2023-06-07 16:33:52.772690
441,2023-06-07 16:33:52.790337
442,2023-06-07 16:33:52.808102
443,2023-06-07 16:33:52.825810
444,2023-06-07 16:33:52.843505
445,2023-06-07 16:33:52.861360
446,2023-06-07 16:33:52.879310
447,2023-06-07 16:33:52.896896
448,2023-06-07 16:33:52.914489
449,2023-06-07 16:33:52.932141
450,2023-06-07 16:33:52.949844
451,2023-06-07 16:33:52.967663
452,2023-06-07 16:33:52.985568
453,2023-06-07 16:33:53.005163
454,2023-06-07 16:33:53.023300
455,2023-06-07 16:33:53.041063
456,2023-06-07 16:33:53.058830
457,2023-06-07 16:33:53.076500
458,2023-06-07 16:33:53.094349
459,2023-06-07 16:33:53.115406
460,2023-06-07 16:33:53.133237
461,2023-06-07 16:33:53.151500
462,2023-06-07 16:33:53.169824
463,2023-06-07 16:33:53.191153
464,2023-06-07 16:33:53.209054
465,2023-06-07 16:33:53.227047
466,2023-06-07 16:33:53.244893
467,2023-06-07 16:33:53.262876
468,2023-06-07 16:33:53.280665
469,2023-06-07 16:33:53.298280
470,2023-06-07 16:33:53.319205
471,2023-06-07 16:33:53.337199
472,2023-06-07 16:33:53.355367
473,2023-06-07 16:33:53.373495
474,2023-06-07 16:33:53.391330
475,2023-06-07 16:33:53.412538
476,2023-06-07 16:33:53.430326
477,2023-06-07 16:33:53.448283
478,2023-06-07 16:33:53.466188
479,2023-06-07 16:33:53.484801
480,2023-06-07 16:33:53.503060
481,2023-06-07 16:33:53.521040
482,2023-06-07 16:33:53.542446
483,2023-06-07 16:33:53.560291
484,2023-06-07 16:33:53.579324
485,2023-06-07 16:33:53.596990
486,2023-06-07 16:33:53.615093
487,2023-06-07 16:33:53.633174
488,2023-06-07 16:33:53.651302
489,2023-06-07 16:33:53.669439
490,2023-06-07 16:33:53.687557
491,2023-06-07 16:33:53.705421
492,2023-06-07 16:33:53.723449
493,2023-06-07 16:33:53.741288
494,2023-06-07 16:33:53.763313
495,2023-06-07 16:33:53.781888
496,2023-06-07 16:33:53.799356
497,2023-06-07 16:33:53.817814
498,2023-06-07 16:33:53.835819
499,2023-06-07 16:33:53.854240
500,2023-06-07 16:33:53.873064
501,2023-06-07 16:33:53.891870
502,2023-06-07 16:33:53.910564
503,2023-06-07 16:33:53.930062
504,2023-06-07 16:33:53.963718
505,2023-06-07 16:33:53.982893
506,2023-06-07 16:33:54.018730
507,2023-06-07 16:33:54.036728
508,2023-06-07 16:33:54.087554
509,2023-06-07 16:33:54.115618
510,2023-06-07 16:33:54.133641
511,2023-06-07 16:33:54.158785
512,2023-06-07 16:33:54.182121
513,2023-06-07 16:33:54.201506
514,2023-06-07 16:33:54.219390
515,2023-06-07 16:33:54.237419
516,2023-06-07 16:33:54.299112
517,2023-06-07 16:33:54.320100
518,2023-06-07 16:33:54.342983
519,2023-06-07 16:33:54.365545
520,2023-06-07 16:33:54.401775
521,2023-06-07 16:33:54.421527
522,2023-06-07 16:33:54.439575
523,2023-06-07 16:33:54.474645
524,2023-06-07 16:33:54.517567
525,2023-06-07 16:33:54.543744
526,2023-06-07 16:33:54.573954
527,2023-06-07 16:33:54.598502
528,2023-06-07 16:33:54.623349
529,2023-06-07 16:33:54.646842
530,2023-06-07 16:33:54.680856
531,2023-06-07 16:33:54.712334
532,2023-06-07 16:33:54.743712
533,2023-06-07 16:33:54.792306
534,2023-06-07 16:33:54.827404
535,2023-06-07 16:33:54.845844
536,2023-06-07 16:33:54.894453
537,2023-06-07 16:33:54.916327
538,2023-06-07 16:33:54.955218
539,2023-06-07 16:33:55.015404
540,2023-06-07 16:33:55.039721
541,2023-06-07 16:33:55.058354
542,2023-06-07 16:33:55.118364
543,2023-06-07 16:33:55.139141
544,2023-06-07 16:33:55.162674
545,2023-06-07 16:33:55.191981
546,2023-06-07 16:33:55.212446
547,2023-06-07 16:33:55.230328
548,2023-06-07 16:33:55.247915
549,2023-06-07 16:33:55.265386
550,2023-06-07 16:33:55.295003
551,2023-06-07 16:33:55.347507
552,2023-06-07 16:33:55.365426
553,2023-06-07 16:33:55.415838
554,2023-06-07 16:33:55.441051
555,2023-06-07 16:33:55.459454
556,2023-06-07 16:33:55.479987
557,2023-06-07 16:33:55.528173
558,2023-06-07 16:33:55.552039
559,2023-06-07 16:33:55.579273
560,2023-06-07 16:33:55.599960
561,2023-06-07 16:33:55.633172
562,2023-06-07 16:33:55.652435
563,2023-06-07 16:33:55.678263
564,2023-06-07 16:33:55.712369
565,2023-06-07 16:33:55.738254
566,2023-06-07 16:33:55.757604
567,2023-06-07 16:33:55.778998
568,2023-06-07 16:33:55.798166
569,2023-06-07 16:33:55.829980
570,2023-06-07 16:33:55.849991
571,2023-06-07 16:33:55.869055
572,2023-06-07 16:33:55.886995
573,2023-06-07 16:33:55.905270
574,2023-06-07 16:33:55.947016
575,2023-06-07 16:33:55.970101
576,2023-06-07 16:33:55.999484
577,2023-06-07 16:33:56.045832
578,2023-06-07 16:33:56.063463
579,2023-06-07 16:33:56.101877
580,2023-06-07 16:33:56.121838
581,2023-06-07 16:33:56.159041
582,2023-06-07 16:33:56.206659
583,2023-06-07 16:33:56.228051
584,2023-06-07 16:33:56.246635
585,2023-06-07 16:33:56.265307
586,2023-06-07 16:33:56.283886
587,2023-06-07 16:33:56.311973
588,2023-06-07 16:33:56.333053
589,2023-06-07 16:33:56.375788
590,2023-06-07 16:33:56.395006
591,2023-06-07 16:33:56.432411
592,2023-06-07 16:33:56.454054
593,2023-06-07 16:33:56.471808
594,2023-06-07 16:33:56.496061
595,2023-06-07 16:33:56.515830
596,2023-06-07 16:33:56.547266
597,2023-06-07 16:33:56.564859
598,2023-06-07 16:33:56.592572
599,2023-06-07 16:33:56.616020
600,2023-06-07 16:33:56.643325
601,2023-06-07 16:33:56.671152
602,2023-06-07 16:33:56.689321
603,2023-06-07 16:33:56.712611
604,2023-06-07 16:33:56.731644
605,2023-06-07 16:33:56.771952
606,2023-06-07 16:33:56.791626
607,2023-06-07 16:33:56.830770
608,2023-06-07 16:33:56.860625
609,2023-06-07 16:33:56.878198
610,2023-06-07 16:33:56.923586
611,2023-06-07 16:33:56.971973
612,2023-06-07 16:33:57.001832
613,2023-06-07 16:33:57.019642
614,2023-06-07 16:33:57.037315
615,2023-06-07 16:33:57.062678
616,2023-06-07 16:33:57.083403
617,2023-06-07 16:33:57.101283
618,2023-06-07 16:33:57.119996
619,2023-06-07 16:33:57.141195
620,2023-06-07 16:33:57.161342
621,2023-06-07 16:33:57.183214
622,2023-06-07 16:33:57.206396
623,2023-06-07 16:33:57.236677
624,2023-06-07 16:33:57.269403
625,2023-06-07 16:33:57.287573
626,2023-06-07 16:33:57.305442
627,2023-06-07 16:33:57.326868
628,2023-06-07 16:33:57.347474
629,2023-06-07 16:33:57.380757
630,2023-06-07 16:33:57.410336
631,2023-06-07 16:33:57.441298
632,2023-06-07 16:33:57.459532
633,2023-06-07 16:33:57.484369
634,2023-06-07 16:33:57.502418
635,2023-06-07 16:33:57.520573
636,2023-06-07 16:33:57.544256
637,2023-06-07 16:33:57.574336
638,2023-06-07 16:33:57.592296
639,2023-06-07 16:33:57.610144
640,2023-06-07 16:33:57.635147
641,2023-06-07 16:33:57.661112
642,2023-06-07 16:33:57.680980
643,2023-06-07 16:33:57.699090
644,2023-06-07 16:33:57.737241
645,2023-06-07 16:33:57.765124
646,2023-06-07 16:33:57.787213
647,2023-06-07 16:33:57.839216
648,2023-06-07 16:33:57.857198
649,2023-06-07 16:33:57.875213
650,2023-06-07 16:33:57.892889
651,2023-06-07 16:33:57.911157
652,2023-06-07 16:33:57.928944
653,2023-06-07 16:33:57.946736
654,2023-06-07 16:33:57.964782
655,2023-06-07 16:33:57.982763
656,2023-06-07 16:33:58.000663
657,2023-06-07 16:33:58.018643
658,2023-06-07 16:33:58.036452
659,2023-06-07 16:33:58.054118
660,2023-06-07 16:33:58.072056
661,2023-06-07 16:33:58.089867
662,2023-06-07 16:33:58.107821
663,2023-06-07 16:33:58.125893
664,2023-06-07 16:33:58.143897
665,2023-06-07 16:33:58.161632
666,2023-06-07 16:33:58.182185
667,2023-06-07 16:33:58.200929
668,2023-06-07 16:33:58.219057
669,2023-06-07 16:33:58.236805
670,2023-06-07 16:33:58.254355
671,2023-06-07 16:33:58.275589
672,2023-06-07 16:33:58.293127
673,2023-06-07 16:33:58.311275
674,2023-06-07 16:33:58.329171
675,2023-06-07 16:33:58.347170
676,2023-06-07 16:33:58.364992
677,2023-06-07 16:33:58.383028
678,2023-06-07 16:33:58.400582
679,2023-06-07 16:33:58.418542
680,2023-06-07 16:33:58.436445
681,2023-06-07 16:33:58.454082
682,2023-06-07 16:33:58.472112
683,2023-06-07 16:33:58.490118
684,2023-06-07 16:33:58.507965
685,2023-06-07 16:33:58.526085
686,2023-06-07 16:33:58.544104
687,2023-06-07 16:33:58.562004
688,2023-06-07 16:33:58.579928
689,2023-06-07 16:33:58.597814
690,2023-06-07 16:33:58.615647
691,2023-06-07 16:33:58.633591
692,2023-06-07 16:33:58.651578
693,2023-06-07 16:33:58.678966
694,2023-06-07 16:33:58.696551
695,2023-06-07 16:33:58.714336
696,2023-06-07 16:33:58.732041
697,2023-06-07 16:33:58.749891
698,2023-06-07 16:33:58.767739
699,2023-06-07 16:33:58.785601
700,2023-06-07 16:33:58.803496
701,2023-06-07 16:33:58.821213
702,2023-06-07 16:33:58.839454
703,2023-06-07 16:33:58.857300
704,2023-06-07 16:33:58.875371
705,2023-06-07 16:33:58.893261
706,2023-06-07 16:33:58.911078
707,2023-06-07 16:33:58.929420
708,2023-06-07 16:33:58.947064
709,2023-06-07 16:33:58.964944
710,2023-06-07 16:33:58.982838
711,2023-06-07 16:33:59.000761
712,2023-06-07 16:33:59.018432
713,2023-06-07 16:33:59.036356
714,2023-06-07 16:33:59.054027
715,2023-06-07 16:33:59.071866
716,2023-06-07 16:33:59.089730
717,2023-06-07 16:33:59.107527
718,2023-06-07 16:33:59.125293
719,2023-06-07 16:33:59.143149
720,2023-06-07 16:33:59.160881
721,2023-06-07 16:33:59.178786
722,2023-06-07 16:33:59.196856
723,2023-06-07 16:33:59.214562
724,2023-06-07 16:33:59.232356
725,2023-06-07 16:33:59.250043
726,2023-06-07 16:33:59.267721
727,2023-06-07 16:33:59.285404
728,2023-06-07 16:33:59.302830
729,2023-06-07 16:33:59.320115
730,2023-06-07 16:33:59.337555
731,2023-06-07 16:33:59.355193
732,2023-06-07 16:33:59.372917
733,2023-06-07 16:33:59.390790
734,2023-06-07 16:33:59.408593
735,2023-06-07 16:33:59.428656
736,2023-06-07 16:33:59.446537
737,2023-06-07 16:33:59.464225
738,2023-06-07 16:33:59.481977
739,2023-06-07 16:33:59.499675
740,2023-06-07 16:33:59.517342
741,2023-06-07 16:33:59.535159
742,2023-06-07 16:33:59.552929
743,2023-06-07 16:33:59.570876
744,2023-06-07 16:33:59.588624
745,2023-06-07 16:33:59.606746
746,2023-06-07 16:33:59.624543
747,2023-06-07 16:33:59.642431
748,2023-06-07 16:33:59.660275
749,2023-06-07 16:33:59.678133
750,2023-06-07 16:33:59.695961
751,2023-06-07 16:33:59.713739
752,2023-06-07 16:33:59.731384
753,2023-06-07 16:33:59.750723
754,2023-06-07 16:33:59.770529
755,2023-06-07 16:33:59.791039
756,2023-06-07 16:33:59.809312
757,2023-06-07 16:33:59.829491
758,2023-06-07 16:33:59.849953
759,2023-06-07 16:33:59.871548
760,2023-06-07 16:33:59.890408
761,2023-06-07 16:33:59.908414
762,2023-06-07 16:33:59.927432
763,2023-06-07 16:33:59.945192
764,2023-06-07 16:33:59.963059
765,2023-06-07 16:33:59.980817
766,2023-06-07 16:33:59.998579
767,2023-06-07 16:34:00.016292
768,2023-06-07 16:34:00.036381
769,2023-06-07 16:34:00.054290
770,2023-06-07 16:34:00.072057
771,2023-06-07 16:34:00.089992
772,2023-06-07 16:34:00.107696
773,2023-06-07 16:34:00.125509
774,2023-06-07 16:34:00.143428
775,2023-06-07 16:34:00.163937
776,2023-06-07 16:34:00.181778
777,2023-06-07 16:34:00.199482
778,2023-06-07 16:34:00.217156
779,2023-06-07 16:34:00.234944
780,2023-06-07 16:34:00.252773
781,2023-06-07 16:34:00.270731
782,2023-06-07 16:34:00.288677
783,2023-06-07 16:34:00.306406
784,2023-06-07 16:34:00.324120
785,2023-06-07 16:34:00.341876
786,2023-06-07 16:34:00.359697
787,2023-06-07 16:34:00.377557
788,2023-06-07 16:34:00.395394
789,2023-06-07 16:34:00.413149
790,2023-06-07 16:34:00.431018
791,2023-06-07 16:34:00.451723
792,2023-06-07 16:34:00.469541
793,2023-06-07 16:34:00.487441
794,2023-06-07 16:34:00.505011
795,2023-06-07 16:34:00.522796
796,2023-06-07 16:34:00.540511
797,2023-06-07 16:34:00.558207
798,2023-06-07 16:34:00.579554
799,2023-06-07 16:34:00.597026
800,2023-06-07 16:34:00.614774
801,2023-06-07 16:34:00.632372
802,2023-06-07 16:34:00.650138
803,2023-06-07 16:34:00.667729
804,2023-06-07 16:34:00.685593
805,2023-06-07 16:34:00.703276
806,2023-06-07 16:34:00.720934
807,2023-06-07 16:34:00.739958
808,2023-06-07 16:34:00.757755
809,2023-06-07 16:34:00.775453
810,2023-06-07 16:34:00.793327
811,2023-06-07 16:34:00.811073
812,2023-06-07 16:34:00.828792
813,2023-06-07 16:34:00.846619
814,2023-06-07 16:34:00.864565
815,2023-06-07 16:34:00.882302
816,2023-06-07 16:34:00.899967
817,2023-06-07 16:34:00.917982
818,2023-06-07 16:34:00.935687
819,2023-06-07 16:34:00.953632
820,2023-06-07 16:34:00.973106
821,2023-06-07 16:34:00.991049
822,2023-06-07 16:34:01.009078
823,2023-06-07 16:34:01.027178
824,2023-06-07 16:34:01.044844
825,2023-06-07 16:34:01.063018
826,2023-06-07 16:34:01.080937
827,2023-06-07 16:34:01.098753
828,2023-06-07 16:34:01.116590
829,2023-06-07 16:34:01.134509
830,2023-06-07 16:34:01.152398
831,2023-06-07 16:34:01.170243
832,2023-06-07 16:34:01.187927
833,2023-06-07 16:34:01.205799
834,2023-06-07 16:34:01.223640
835,2023-06-07 16:34:01.241790
836,2023-06-07 16:34:01.259777
837,2023-06-07 16:34:01.277778
838,2023-06-07 16:34:01.295836
839,2023-06-07 16:34:01.313618
840,2023-06-07 16:34:01.331559
841,2023-06-07 16:34:01.349441
842,2023-06-07 16:34:01.367478
843,2023-06-07 16:34:01.385220
844,2023-06-07 16:34:01.402874
845,2023-06-07 16:34:01.420537
846,2023-06-07 16:34:01.438293
847,2023-06-07 16:34:01.456268
848,2023-06-07 16:34:01.474297
849,2023-06-07 16:34:01.491987
850,2023-06-07 16:34:01.510003
851,2023-06-07 16:34:01.542997
852,2023-06-07 16:34:01.565580
853,2023-06-07 16:34:01.583446
854,2023-06-07 16:34:01.603461
855,2023-06-07 16:34:01.630897
856,2023-06-07 16:34:01.651483
857,2023-06-07 16:34:01.669281
858,2023-06-07 16:34:01.705784
859,2023-06-07 16:34:01.729388
860,2023-06-07 16:34:01.754904
861,2023-06-07 16:34:01.774438
862,2023-06-07 16:34:01.792009
863,2023-06-07 16:34:01.809395
864,2023-06-07 16:34:01.827063
865,2023-06-07 16:34:01.845735
866,2023-06-07 16:34:01.863314
867,2023-06-07 16:34:01.881056
868,2023-06-07 16:34:01.899006
869,2023-06-07 16:34:01.916808
870,2023-06-07 16:34:01.934380
871,2023-06-07 16:34:01.952032
872,2023-06-07 16:34:01.969835
873,2023-06-07 16:34:01.987700
874,2023-06-07 16:34:02.005390
875,2023-06-07 16:34:02.023408
876,2023-06-07 16:34:02.041151
877,2023-06-07 16:34:02.059002
878,2023-06-07 16:34:02.076751
879,2023-06-07 16:34:02.094592
880,2023-06-07 16:34:02.112413
881,2023-06-07 16:34:02.130242
882,2023-06-07 16:34:02.149076
883,2023-06-07 16:34:02.167030
884,2023-06-07 16:34:02.184621
885,2023-06-07 16:34:02.202586
886,2023-06-07 16:34:02.220266
887,2023-06-07 16:34:02.237920
888,2023-06-07 16:34:02.255782
889,2023-06-07 16:34:02.273546
890,2023-06-07 16:34:02.291452
891,2023-06-07 16:34:02.309207
892,2023-06-07 16:34:02.327084
893,2023-06-07 16:34:02.344902
894,2023-06-07 16:34:02.362790
895,2023-06-07 16:34:02.381878
896,2023-06-07 16:34:02.399692
897,2023-06-07 16:34:02.417484
898,2023-06-07 16:34:02.435171
899,2023-06-07 16:34:02.452991
900,2023-06-07 16:34:02.471041
901,2023-06-07 16:34:02.489525
902,2023-06-07 16:34:02.507471
903,2023-06-07 16:34:02.525254
904,2023-06-07 16:34:02.542871
905,2023-06-07 16:34:02.564312
906,2023-06-07 16:34:02.582090
907,2023-06-07 16:34:02.599827
908,2023-06-07 16:34:02.617544
909,2023-06-07 16:34:02.635480
910,2023-06-07 16:34:02.653070
911,2023-06-07 16:34:02.675518
912,2023-06-07 16:34:02.694736
913,2023-06-07 16:34:02.712556
914,2023-06-07 16:34:02.730328
915,2023-06-07 16:34:02.748289
916,2023-06-07 16:34:02.766086
917,2023-06-07 16:34:02.783779
918,2023-06-07 16:34:02.801632
919,2023-06-07 16:34:02.819510
920,2023-06-07 16:34:02.837288
921,2023-06-07 16:34:02.855339
922,2023-06-07 16:34:02.873041
923,2023-06-07 16:34:02.891034
924,2023-06-07 16:34:02.909747
925,2023-06-07 16:34:02.927509
926,2023-06-07 16:34:02.945348
927,2023-06-07 16:34:02.963304
928,2023-06-07 16:34:02.981075
929,2023-06-07 16:34:02.999074
930,2023-06-07 16:34:03.016928
931,2023-06-07 16:34:03.034710
932,2023-06-07 16:34:03.052494
933,2023-06-07 16:34:03.070222
934,2023-06-07 16:34:03.088051
935,2023-06-07 16:34:03.105924
936,2023-06-07 16:34:03.123647
937,2023-06-07 16:34:03.141831
938,2023-06-07 16:34:03.159568
939,2023-06-07 16:34:03.177356
940,2023-06-07 16:34:03.196736
941,2023-06-07 16:34:03.214651
942,2023-06-07 16:34:03.232541
943,2023-06-07 16:34:03.250314
944,2023-06-07 16:34:03.268088
945,2023-06-07 16:34:03.285933
946,2023-06-07 16:34:03.303650
947,2023-06-07 16:34:03.321537
948,2023-06-07 16:34:03.339289
949,2023-06-07 16:34:03.356901
950,2023-06-07 16:34:03.374779
951,2023-06-07 16:34:03.392712
952,2023-06-07 16:34:03.410321
953,2023-06-07 16:34:03.428003
954,2023-06-07 16:34:03.445874
955,2023-06-07 16:34:03.463642
956,2023-06-07 16:34:03.481445
957,2023-06-07 16:34:03.499485
958,2023-06-07 16:34:03.517300
959,2023-06-07 16:34:03.535071
960,2023-06-07 16:34:03.552765
961,2023-06-07 16:34:03.570618
962,2023-06-07 16:34:03.588363
963,2023-06-07 16:34:03.606201
964,2023-06-07 16:34:03.623826
965,2023-06-07 16:34:03.641650
966,2023-06-07 16:34:03.659530
967,2023-06-07 16:34:03.677326
968,2023-06-07 16:34:03.695083
969,2023-06-07 16:34:03.712782
970,2023-06-07 16:34:03.730616
971,2023-06-07 16:34:03.748391
972,2023-06-07 16:34:03.766310
973,2023-06-07 16:34:03.784304
974,2023-06-07 16:34:03.802140
975,2023-06-07 16:34:03.819828
976,2023-06-07 16:34:03.837522
977,2023-06-07 16:34:03.855179
978,2023-06-07 16:34:03.872852
979,2023-06-07 16:34:03.890749
980,2023-06-07 16:34:03.908489
981,2023-06-07 16:34:03.926186
982,2023-06-07 16:34:03.943858
983,2023-06-07 16:34:03.961618
984,2023-06-07 16:34:03.979397
985,2023-06-07 16:34:03.997283
986,2023-06-07 16:34:04.015379
987,2023-06-07 16:34:04.037043
988,2023-06-07 16:34:04.054695
989,2023-06-07 16:34:04.072458
990,2023-06-07 16:34:04.090255
991,2023-06-07 16:34:04.108214
992,2023-06-07 16:34:04.126078
993,2023-06-07 16:34:04.143675
994,2023-06-07 16:34:04.161276
995,2023-06-07 16:34:04.179101
996,2023-06-07 16:34:04.197051
997,2023-06-07 16:34:04.215108
998,2023-06-07 16:34:04.232822
999,2023-06-07 16:34:04.250596
