index,magnitude,phase_angle,is_predicted,received_at
0,24801.626953125,-44.45006515612092,False,2023-06-07 16:33:44.424500
1,24801.626953125,-44.22088157361573,False,2023-06-07 16:33:44.443287
2,24801.626953125,-44.01461669087051,False,2023-06-07 16:33:44.461223
3,24792.470703125,-43.79116363707896,False,2023-06-07 16:33:44.480299
4,24801.626953125,-43.561980054573766,False,2023-06-07 16:33:44.498265
5,24829.125,-43.327574792448104,True,2023-06-07 16:33:45.534687
6,24801.626953125,-43.10361630465797,False,2023-06-07 16:33:44.533453
7,24801.626953125,-42.89162089319911,False,2023-06-07 16:33:44.550394
8,24801.626953125,-42.67389495302662,False,2023-06-07 16:33:44.568732
9,24801.626953125,-42.433253728188724,False,2023-06-07 16:33:44.586135
10,24801.626953125,-42.19261250335084,False,2023-06-07 16:33:44.604214
11,24801.626953125,-41.963428920845644,False,2023-06-07 16:33:44.621816
12,24810.78125,-41.73424533834045,False,2023-06-07 16:33:44.639507
13,24810.78125,-41.50506175583526,False,2023-06-07 16:33:44.657495
14,24801.626953125,-41.29306975947099,False,2023-06-07 16:33:44.675086
15,24801.626953125,-41.063886176965795,False,2023-06-07 16:33:44.692625
16,24801.626953125,-40.84043312317424,False,2023-06-07 16:33:44.710683
17,24801.626953125,-40.622707183001744,False,2023-06-07 16:33:44.728450
18,24801.626953125,-40.40498465792383,False,2023-06-07 16:33:44.746345
19,24801.626953125,-40.18153160413228,False,2023-06-07 16:33:44.764499
20,24801.626953125,-39.96380566395979,False,2023-06-07 16:33:44.781545
21,24801.626953125,-39.734622081454596,False,2023-06-07 16:33:44.799418
22,24801.685546875,-39.49397744152212,True,2023-06-07 16:33:45.534816
23,24801.626953125,-39.28198544515785,False,2023-06-07 16:33:44.835055
24,24801.626953125,-39.06426292007994,False,2023-06-07 16:33:44.852760
25,24801.626953125,-38.823621695242046,False,2023-06-07 16:33:44.872217
26,24801.626953125,-39.06426292007994,False,2023-06-07 16:33:44.889931
27,24801.626953125,-38.83507933757475,False,2023-06-07 16:33:44.907535
28,24801.626953125,-38.611626283783195,False,2023-06-07 16:33:44.925164
29,24801.626953125,-38.393900343610696,False,2023-06-07 16:33:44.942753
30,24801.599609375,-38.18189810196267,True,2023-06-07 16:33:45.535991
31,24792.470703125,-37.96418240707393,False,2023-06-07 16:33:44.978558
32,24792.470703125,-37.740729353282376,False,2023-06-07 16:33:44.998856
33,24800.58203125,-37.72377682376241,True,2023-06-07 16:33:45.536077
34,24816.724609375,-37.91313357321725,True,2023-06-07 16:33:45.536154
35,24841.78515625,-38.308212205378304,True,2023-06-07 16:33:45.536194
36,24877.603515625,-38.90792330507293,True,2023-06-07 16:33:45.536231
37,24792.470703125,-36.66357095513093,False,2023-06-07 16:33:45.086727
38,24792.470703125,-36.474494243432055,False,2023-06-07 16:33:45.104580
39,24792.470703125,-36.23384960349958,False,2023-06-07 16:33:45.126087
40,24792.470703125,-36.02185760713531,False,2023-06-07 16:33:45.143636
41,24792.470703125,-35.81559272439009,False,2023-06-07 16:33:45.161435
42,24792.470703125,-35.603597312931235,False,2023-06-07 16:33:45.179179
43,24783.31640625,-35.38014425913968,False,2023-06-07 16:33:45.197072
44,24783.31640625,-35.17387937639447,False,2023-06-07 16:33:45.214655
45,24792.390625,-34.985028060938205,True,2023-06-07 16:33:45.536298
46,24783.31640625,-34.72124274009772,False,2023-06-07 16:33:45.250587
47,24783.31640625,-34.51497785735251,False,2023-06-07 16:33:45.268081
48,24783.31640625,-34.302982445893655,False,2023-06-07 16:33:45.285538
49,24783.31640625,-34.07379886338846,False,2023-06-07 16:33:45.303375
50,24783.31640625,-33.85034580959691,False,2023-06-07 16:33:45.321047
51,24783.31640625,-33.621162227091716,False,2023-06-07 16:33:45.338592
52,24792.470703125,-33.403439702013806,False,2023-06-07 16:33:45.356200
53,24810.72265625,-33.197403630605784,True,2023-06-07 16:33:45.536437
54,24838.017578125,-33.003248673259,True,2023-06-07 16:33:45.536490
55,24783.31640625,-32.744538182971844,False,2023-06-07 16:33:45.409829
56,24783.31640625,-32.51535460046665,False,2023-06-07 16:33:45.427081
57,24783.31640625,-32.280440489247816,False,2023-06-07 16:33:45.444955
58,24783.31640625,-32.062717964169906,False,2023-06-07 16:33:45.462706
59,24783.31640625,-31.833534381664712,False,2023-06-07 16:33:45.480688
60,24783.31640625,-31.621542385300444,False,2023-06-07 16:33:45.498385
61,24774.16015625,-31.403816445127948,False,2023-06-07 16:33:45.516781
62,24774.16015625,-31.180363391336392,False,2023-06-07 16:33:45.537970
63,24774.16015625,-30.962640866258482,False,2023-06-07 16:33:45.556466
64,24774.1328125,-30.750645454799628,True,2023-06-07 16:33:46.593735
65,24774.16015625,-30.515731343580793,False,2023-06-07 16:33:45.592684
66,24774.16015625,-30.303739347216524,False,2023-06-07 16:33:45.610067
67,24774.16015625,-30.080282878330387,False,2023-06-07 16:33:45.627637
68,24774.16015625,-29.862560353252473,False,2023-06-07 16:33:45.645348
69,24774.16015625,-29.644837828174563,False,2023-06-07 16:33:45.663271
70,24774.16015625,-29.432842416715708,False,2023-06-07 16:33:45.681115
71,24774.1328125,-29.22657070378132,True,2023-06-07 16:33:46.594147
72,24765.005859375,-29.00312448017894,False,2023-06-07 16:33:45.716819
73,24765.005859375,-28.785398540006444,False,2023-06-07 16:33:45.734360
74,24765.005859375,-28.550486136334904,False,2023-06-07 16:33:45.752106
75,24765.005859375,-28.33276361125699,False,2023-06-07 16:33:45.769768
76,24765.005859375,-28.120768199798135,False,2023-06-07 16:33:45.787482
77,24755.849609375,-27.92023384576656,False,2023-06-07 16:33:45.805250
78,24755.849609375,-27.713968963021344,False,2023-06-07 16:33:45.822944
79,24755.849609375,-27.4905142016825,False,2023-06-07 16:33:45.840464
80,24755.849609375,-27.2613323267246,False,2023-06-07 16:33:45.858209
81,24755.849609375,-27.043608094099397,False,2023-06-07 16:33:45.876117
82,24755.849609375,-26.820155040307846,False,2023-06-07 16:33:45.893778
83,24755.849609375,-26.590971457802652,False,2023-06-07 16:33:45.911511
84,24755.849609375,-26.36178787529746,False,2023-06-07 16:33:45.929492
85,24755.849609375,-26.13260087769768,True,2023-06-07 16:33:46.594840
86,24755.849609375,-26.33314035437113,False,2023-06-07 16:33:45.965828
87,24755.71875,-26.505028895023674,True,2023-06-07 16:33:46.594961
88,24765.005859375,-25.86331554702805,False,2023-06-07 16:33:46.000800
89,24788.00390625,-24.95346604769065,True,2023-06-07 16:33:46.595077
90,24755.849609375,-25.404948382017665,False,2023-06-07 16:33:46.036423
91,24755.849609375,-25.164307157179774,False,2023-06-07 16:33:46.053735
92,24765.005859375,-24.923664224794592,False,2023-06-07 16:33:46.071522
93,24765.005859375,-24.694480642289403,False,2023-06-07 16:33:46.089169
94,24755.791015625,-24.476496862475738,True,2023-06-07 16:33:46.595135
95,24737.306640625,-24.26948065892182,True,2023-06-07 16:33:46.595194
96,24765.005859375,-23.984012902561137,False,2023-06-07 16:33:46.142600
97,24765.005859375,-23.743371677723246,False,2023-06-07 16:33:46.160411
98,24765.005859375,-23.514188095218056,False,2023-06-07 16:33:46.182497
99,24764.947265625,-23.29645703240368,True,2023-06-07 16:33:46.597911
100,24765.005859375,-23.044363287874972,False,2023-06-07 16:33:46.217785
101,24765.005859375,-22.81517970536978,False,2023-06-07 16:33:46.235473
102,24765.005859375,-22.574536772984597,False,2023-06-07 16:33:46.253246
103,24765.068359375,-22.32243107562484,True,2023-06-07 16:33:46.598015
104,24765.005859375,-22.104711965641517,False,2023-06-07 16:33:46.288886
105,24765.005859375,-21.875528383136324,False,2023-06-07 16:33:46.306136
106,24763.7578125,-21.886970657543387,True,2023-06-07 16:33:46.598079
107,24765.005859375,-21.41143239695959,False,2023-06-07 16:33:46.341731
108,24765.005859375,-21.1707911721217,False,2023-06-07 16:33:46.359110
109,24763.7890625,-21.15358763314973,True,2023-06-07 16:33:46.598144
110,24761.267578125,-21.359854223442237,True,2023-06-07 16:33:46.598189
111,24774.16015625,-20.460323432393437,False,2023-06-07 16:33:46.413200
112,24774.16015625,-20.231139849888244,False,2023-06-07 16:33:46.430958
113,24774.16015625,-20.00195626738305,False,2023-06-07 16:33:46.448957
114,24765.005859375,-19.772772684877857,False,2023-06-07 16:33:46.466264
115,24774.16015625,-19.52067211015998,False,2023-06-07 16:33:46.483937
116,24801.751953125,-19.246235109308866,True,2023-06-07 16:33:46.598231
117,24774.16015625,-19.050847302816898,False,2023-06-07 16:33:46.519686
118,24774.16015625,-18.821663720311705,False,2023-06-07 16:33:46.537224
119,24774.16015625,-18.581020787926523,False,2023-06-07 16:33:46.554995
120,24774.16015625,-18.340379563088632,False,2023-06-07 16:33:46.572492
121,24774.16015625,-18.105467159417092,False,2023-06-07 16:33:46.589940
122,24774.16015625,-17.87055304819826,False,2023-06-07 16:33:46.607417
123,24774.16015625,-17.63563381433755,True,2023-06-07 16:33:47.645351
124,24774.16015625,-17.435106290495145,False,2023-06-07 16:33:46.643543
125,24774.16015625,-17.20019217927631,False,2023-06-07 16:33:46.661709
126,24773.09375,-17.165795346616125,True,2023-06-07 16:33:47.645525
127,24770.8046875,-17.331939698176686,True,2023-06-07 16:33:47.645942
128,24774.16015625,-16.535561839068002,False,2023-06-07 16:33:46.715348
129,24774.16015625,-16.32356813515644,False,2023-06-07 16:33:46.732725
130,24771.98828125,-16.564200822257867,True,2023-06-07 16:33:47.646138
131,24770.109375,-17.257586258871928,True,2023-06-07 16:33:47.646262
132,24775.62890625,-18.403541737438328,True,2023-06-07 16:33:47.646432
133,24774.16015625,-15.395376162802972,False,2023-06-07 16:33:46.803817
134,24774.16015625,-15.171923109011418,False,2023-06-07 16:33:46.821179
135,24770.595703125,-15.65320726623449,True,2023-06-07 16:33:47.646806
136,24774.16015625,-14.725015293881022,False,2023-06-07 16:33:46.856847
137,24776.421875,-14.054697113641385,True,2023-06-07 16:33:47.646914
138,24765.005859375,-14.272378657584277,False,2023-06-07 16:33:46.892453
139,24774.16015625,-14.04319592885273,False,2023-06-07 16:33:46.909791
140,24774.16015625,-13.831201371167522,False,2023-06-07 16:33:46.928270
141,24764.923828125,-13.636155927907698,True,2023-06-07 16:33:47.647089
142,24774.16015625,-13.37283505993078,False,2023-06-07 16:33:46.966168
143,24765.005859375,-13.143651477425589,False,2023-06-07 16:33:46.983883
144,24765.005859375,-12.920198423634037,False,2023-06-07 16:33:47.001370
145,24774.16015625,-12.702474191008832,False,2023-06-07 16:33:47.019196
146,24774.16015625,-12.943116269620369,False,2023-06-07 16:33:47.037043
147,24767.50390625,-13.642336395332913,True,2023-06-07 16:33:47.647339
148,24774.16015625,-12.501938983203612,False,2023-06-07 16:33:47.072996
149,24780.96875,-11.37919163366327,True,2023-06-07 16:33:47.648966
150,24774.16015625,-12.055032021846861,False,2023-06-07 16:33:47.108337
151,24774.16015625,-11.82011961817532,False,2023-06-07 16:33:47.125793
152,24774.16015625,-11.613854735430104,False,2023-06-07 16:33:47.143619
153,24774.16015625,-11.384671152924913,False,2023-06-07 16:33:47.161607
154,24774.16015625,-11.161218099133361,False,2023-06-07 16:33:47.179559
155,24774.16015625,-10.932034516628168,False,2023-06-07 16:33:47.197164
156,24774.189453125,-10.697116990314749,True,2023-06-07 16:33:47.654231
157,24774.16015625,-10.485127555271417,False,2023-06-07 16:33:47.233490
158,24774.16015625,-10.261674501479865,False,2023-06-07 16:33:47.250997
159,24773.029296875,-10.26166169487517,True,2023-06-07 16:33:47.654419
160,24774.16015625,-9.814766686349468,False,2023-06-07 16:33:47.287548
161,24774.16015625,-9.602772982437905,False,2023-06-07 16:33:47.305034
162,24774.16015625,-9.373589399932712,False,2023-06-07 16:33:47.322738
163,24774.25,-9.12721337751295,True,2023-06-07 16:33:47.654475
164,24774.5234375,-8.863644915178622,True,2023-06-07 16:33:47.654520
165,24774.16015625,-8.720417555830746,False,2023-06-07 16:33:47.376961
166,24765.005859375,-8.502693323205541,False,2023-06-07 16:33:47.394210
167,24765.005859375,-8.284969944353984,False,2023-06-07 16:33:47.412340
168,24774.16015625,-8.067485622123376,True,2023-06-07 16:33:47.654566
169,24765.005859375,-7.855251154043571,False,2023-06-07 16:33:47.448420
170,24765.005859375,-7.631798100252019,False,2023-06-07 16:33:47.465858
171,24765.005859375,-7.402614517746826,False,2023-06-07 16:33:47.483803
172,24765.005859375,-7.17343178901528,False,2023-06-07 16:33:47.501637
173,24765.005859375,-6.944248633396909,False,2023-06-07 16:33:47.519438
174,24765.005859375,-6.7150654777785395,False,2023-06-07 16:33:47.537127
175,24765.005859375,-6.491611997100165,False,2023-06-07 16:33:47.554846
176,24765.005859375,-6.273887764474961,False,2023-06-07 16:33:47.572898
177,24765.005859375,-6.061893633676574,False,2023-06-07 16:33:47.590363
178,24764.978515625,-5.855626189610421,True,2023-06-07 16:33:47.654616
179,24765.005859375,-5.632175270252984,False,2023-06-07 16:33:47.626197
180,24765.005859375,-5.420180712567774,False,2023-06-07 16:33:47.657713
181,24755.849609375,-5.2253751797025485,False,2023-06-07 16:33:47.667941
182,24755.849609375,-5.001921699024173,False,2023-06-07 16:33:47.685780
183,24765.150390625,-4.750066584229592,True,2023-06-07 16:33:48.726467
184,24755.849609375,-4.560743985720594,False,2023-06-07 16:33:47.721572
185,24755.849609375,-4.331560830102224,False,2023-06-07 16:33:47.738915
186,24765.005859375,-4.102377674483854,False,2023-06-07 16:33:47.756764
187,24755.849609375,-3.8846538687454735,False,2023-06-07 16:33:47.774574
188,24755.849609375,-3.655470713127104,False,2023-06-07 16:33:47.792274
189,24755.849609375,-3.4320172324487284,False,2023-06-07 16:33:47.810180
190,24755.8203125,-3.2142895847289394,True,2023-06-07 16:33:48.726567
191,24755.849609375,-2.9621917847754116,False,2023-06-07 16:33:47.846098
192,24765.005859375,-2.7215494927204644,False,2023-06-07 16:33:47.863826
193,24765.005859375,-2.4809072006655173,False,2023-06-07 16:33:47.882127
194,24755.849609375,-2.239993622034474,True,2023-06-07 16:33:48.726902
195,24765.005859375,-2.0053522914956177,False,2023-06-07 16:33:47.918256
196,24765.005859375,-1.7704395676589593,False,2023-06-07 16:33:47.935771
197,24765.005859375,-1.5412565187622955,False,2023-06-07 16:33:47.953354
198,24765.005859375,-1.3120733631439256,False,2023-06-07 16:33:47.971079
199,24774.16015625,-1.082890207525556,False,2023-06-07 16:33:47.988958
200,24774.16015625,-0.8537071052680392,False,2023-06-07 16:33:48.006499
201,24765.005859375,-0.630253571228811,False,2023-06-07 16:33:48.024522
202,24774.16015625,-0.395340874072579,False,2023-06-07 16:33:48.042261
203,24774.16015625,-0.1604281769163471,False,2023-06-07 16:33:48.060146
204,24774.16015625,0.06875493868138298,False,2023-06-07 16:33:48.077757
205,24774.16015625,0.297938054279113,False,2023-06-07 16:33:48.095835
206,24774.16015625,0.5271248117550529,True,2023-06-07 16:33:48.726960
207,24774.16015625,0.7563189597091181,True,2023-06-07 16:33:48.727017
208,24774.16015625,0.985524046638026,True,2023-06-07 16:33:48.727076
209,24774.16015625,0.7792226117085808,False,2023-06-07 16:33:48.167795
210,24774.16015625,1.0255944186209636,False,2023-06-07 16:33:48.185291
211,24772.849609375,1.0370713775824063,True,2023-06-07 16:33:48.727121
212,24783.31640625,1.4954198662942804,False,2023-06-07 16:33:48.220968
213,24783.31640625,1.7246029151909443,False,2023-06-07 16:33:48.238510
214,24783.31640625,1.9595157457493084,False,2023-06-07 16:33:48.256411
215,24783.31640625,2.194428362864261,False,2023-06-07 16:33:48.274276
216,24783.31640625,2.4350706549192083,False,2023-06-07 16:33:48.292322
217,24783.31640625,2.6585241355975833,False,2023-06-07 16:33:48.309752
218,24783.31640625,2.8991664276525304,False,2023-06-07 16:33:48.327463
219,24783.31640625,3.1398087197074775,False,2023-06-07 16:33:48.345137
220,24783.31640625,3.37472133682243,False,2023-06-07 16:33:48.362242
221,24783.31640625,3.6096341673807943,False,2023-06-07 16:33:48.379459
222,24783.31640625,3.827357973119175,False,2023-06-07 16:33:48.397792
223,24783.31640625,4.068000478617534,False,2023-06-07 16:33:48.415352
224,24783.44140625,4.331564245196809,True,2023-06-07 16:33:48.727164
225,24783.31640625,4.549285062727428,False,2023-06-07 16:33:48.451625
226,24783.31640625,4.789927141338963,False,2023-06-07 16:33:48.469153
227,24783.31640625,5.024839971897327,False,2023-06-07 16:33:48.486612
228,24783.31640625,5.259752375568868,False,2023-06-07 16:33:48.503448
229,24783.31640625,5.494665206127233,False,2023-06-07 16:33:48.520886
230,24783.31640625,5.729578036685597,False,2023-06-07 16:33:48.539514
231,24783.31640625,5.964494709225369,True,2023-06-07 16:33:48.727207
232,24783.31640625,6.187944347922336,False,2023-06-07 16:33:48.574953
233,24785.63671875,6.869718462947376,True,2023-06-07 16:33:48.727287
234,24783.31640625,6.634851309279087,False,2023-06-07 16:33:48.610236
235,24774.16015625,6.869764139837451,False,2023-06-07 16:33:48.627846
236,24783.31640625,7.104676543508992,False,2023-06-07 16:33:48.645512
237,24810.78515625,7.339072414124551,True,2023-06-07 16:33:48.727334
238,24783.31640625,7.5687725296857264,False,2023-06-07 16:33:48.681469
239,24783.31640625,7.797955258417272,False,2023-06-07 16:33:48.699116
240,24782.09765625,7.792239243855618,True,2023-06-07 16:33:49.739917
241,24783.31640625,8.256321569654013,False,2023-06-07 16:33:48.734540
242,24783.31640625,8.485505152159204,False,2023-06-07 16:33:48.752515
243,24782.126953125,8.485520520084837,True,2023-06-07 16:33:49.740042
244,24783.31640625,8.94960113833594,False,2023-06-07 16:33:48.791489
245,24783.31640625,9.178783867067486,False,2023-06-07 16:33:48.808536
246,24783.31640625,9.407966595799031,False,2023-06-07 16:33:48.825984
247,24783.31640625,9.648609528184213,False,2023-06-07 16:33:48.844512
248,24774.16015625,9.877792256915761,False,2023-06-07 16:33:48.862895
249,24774.16015625,10.118434335527295,False,2023-06-07 16:33:48.880561
250,24774.16015625,10.3361585681525,False,2023-06-07 16:33:48.898038
251,24774.16015625,10.576800646764035,False,2023-06-07 16:33:48.916618
252,24774.16015625,10.79452487938924,False,2023-06-07 16:33:48.934326
253,24774.046875,10.989335534896343,True,2023-06-07 16:33:49.740127
254,24774.16015625,11.27580903661231,False,2023-06-07 16:33:48.970026
255,24774.16015625,11.504992619117504,False,2023-06-07 16:33:48.988060
256,24772.8515625,11.48209099483045,True,2023-06-07 16:33:49.740190
257,24774.16015625,11.957629255414249,False,2023-06-07 16:33:49.023468
258,24774.16015625,12.175353488039452,False,2023-06-07 16:33:49.040940
259,24774.16015625,12.415995566650988,False,2023-06-07 16:33:49.058414
260,24774.16015625,12.645178295382534,False,2023-06-07 16:33:49.076580
261,24774.1015625,12.862905943102323,True,2023-06-07 16:33:49.740264
262,24773.92578125,13.069184486225879,True,2023-06-07 16:33:49.742218
263,24765.005859375,13.349916360170804,False,2023-06-07 16:33:49.129871
264,24765.005859375,13.579099942675997,False,2023-06-07 16:33:49.147363
265,24765.005859375,13.825471696227526,False,2023-06-07 16:33:49.165221
266,24765.1015625,14.089035035919979,True,2023-06-07 16:33:49.742305
267,24765.005859375,13.825471696227526,False,2023-06-07 16:33:49.202175
268,24765.005859375,14.054654424959073,False,2023-06-07 16:33:49.219775
269,24765.005859375,14.289567682404261,False,2023-06-07 16:33:49.237369
270,24765.005859375,14.518750411135807,False,2023-06-07 16:33:49.255145
271,24765.005859375,14.747933993641,False,2023-06-07 16:33:49.272915
272,24765.005859375,14.977117576146192,False,2023-06-07 16:33:49.290594
273,24765.005859375,15.206299451104092,False,2023-06-07 16:33:49.306793
274,24765.005859375,15.435483033609286,True,2023-06-07 16:33:49.742362
275,24765.005859375,15.658936087400837,False,2023-06-07 16:33:49.342214
276,24755.849609375,15.88811966990603,False,2023-06-07 16:33:49.360517
277,24736.37890625,15.893870689187182,True,2023-06-07 16:33:49.742974
278,24755.849609375,16.357944477249113,False,2023-06-07 16:33:49.397387
279,24755.849609375,16.587128059754306,False,2023-06-07 16:33:49.414323
280,24755.849609375,16.80485229237951,False,2023-06-07 16:33:49.432722
281,24755.79296875,17.01112059021931,True,2023-06-07 16:33:49.743058
282,24755.626953125,17.205939783462878,True,2023-06-07 16:33:49.743109
283,24755.849609375,17.515320032107773,False,2023-06-07 16:33:49.485938
284,24755.849609375,17.744503614612967,False,2023-06-07 16:33:49.503752
285,24765.005859375,17.985144839450857,False,2023-06-07 16:33:49.521466
286,24783.380859375,18.236967083960057,True,2023-06-07 16:33:49.743167
287,24811.037109375,18.499669819817086,True,2023-06-07 16:33:49.743216
288,24755.849609375,18.69561257917912,False,2023-06-07 16:33:49.574902
289,24735.9453125,19.877718541475105,True,2023-06-07 16:33:49.743297
290,24765.005859375,19.18835608628218,False,2023-06-07 16:33:49.612014
291,24765.005859375,19.417539668787374,False,2023-06-07 16:33:49.629670
292,24765.005859375,19.658182601172555,False,2023-06-07 16:33:49.647674
293,24765.005859375,19.904554354724084,False,2023-06-07 16:33:49.665695
294,24765.005859375,20.16811427932195,False,2023-06-07 16:33:49.687206
295,24765.107421875,20.44886579006074,True,2023-06-07 16:33:49.743344
296,24765.005859375,20.64939843654502,False,2023-06-07 16:33:49.723050
297,24765.005859375,20.890041368930202,False,2023-06-07 16:33:49.743390
298,24763.6953125,20.890060151950422,True,2023-06-07 16:33:50.777872
299,24765.005859375,21.377056054866916,False,2023-06-07 16:33:49.776394
300,24765.005859375,21.617697279704803,False,2023-06-07 16:33:49.793910
301,24765.005859375,21.869799561969977,False,2023-06-07 16:33:49.812113
302,24765.0703125,22.133366316757012,True,2023-06-07 16:33:50.778576
303,24765.005859375,22.339624369313057,False,2023-06-07 16:33:49.847966
304,24765.005859375,22.574536772984597,False,2023-06-07 16:33:49.865376
305,24765.005859375,22.826639055249768,False,2023-06-07 16:33:49.883142
306,24765.005859375,23.05582093020767,False,2023-06-07 16:33:49.901596
307,24765.005859375,23.29646386259285,False,2023-06-07 16:33:49.919535
308,24765.005859375,23.525647445098045,False,2023-06-07 16:33:49.937161
309,24765.005859375,23.766288669935932,False,2023-06-07 16:33:49.955072
310,24765.005859375,24.006931602321114,False,2023-06-07 16:33:49.975578
311,24765.005859375,24.247574534706295,False,2023-06-07 16:33:49.993223
312,24765.005859375,24.488215759544186,False,2023-06-07 16:33:50.011275
313,24765.005859375,24.734587513095715,False,2023-06-07 16:33:50.029174
314,24765.037109375,24.98669321045547,True,2023-06-07 16:33:50.779546
315,24765.134765625,25.24453797426533,True,2023-06-07 16:33:50.779661
316,24765.005859375,25.485162123630296,False,2023-06-07 16:33:50.082614
317,24765.005859375,25.725805056015478,False,2023-06-07 16:33:50.100904
318,24762.228515625,25.456531678176894,True,2023-06-07 16:33:50.782900
319,24765.005859375,26.18990104219221,False,2023-06-07 16:33:50.137044
320,24755.849609375,26.42481344586375,False,2023-06-07 16:33:50.155296
321,24736.318359375,26.4305644651449,True,2023-06-07 16:33:50.783173
322,24755.849609375,26.906097603086824,False,2023-06-07 16:33:50.190931
323,24767.685546875,27.63316270249822,True,2023-06-07 16:33:50.785056
324,24765.005859375,27.387381760309893,False,2023-06-07 16:33:50.226641
325,24765.005859375,27.639484042575063,False,2023-06-07 16:33:50.244627
326,24755.849609375,27.4274903386635,False,2023-06-07 16:33:50.262509
327,24765.005859375,27.656672213621402,False,2023-06-07 16:33:50.281031
328,24794.759765625,28.325984648505752,True,2023-06-07 16:33:50.785145
329,24765.005859375,28.137958078391765,False,2023-06-07 16:33:50.316847
330,24755.849609375,28.39005865310964,False,2023-06-07 16:33:50.334440
331,24765.005859375,28.607782885734846,False,2023-06-07 16:33:50.352490
332,24755.849609375,28.848424110572736,False,2023-06-07 16:33:50.371403
333,24755.849609375,29.066150050745232,False,2023-06-07 16:33:50.389196
334,24755.849609375,29.306791275583123,False,2023-06-07 16:33:50.406932
335,24755.849609375,29.54743250042101,False,2023-06-07 16:33:50.424652
336,24755.849609375,29.788077140353487,True,2023-06-07 16:33:50.785205
337,24755.849609375,30.028718365191374,False,2023-06-07 16:33:50.460538
338,24737.5390625,30.257901947696567,False,2023-06-07 16:33:50.478214
339,24755.849609375,30.48708553020176,False,2023-06-07 16:33:50.496339
340,24755.849609375,30.72772675503965,False,2023-06-07 16:33:50.514599
341,24755.849609375,30.95691033754484,False,2023-06-07 16:33:50.532398
342,24737.5390625,31.209012619810014,False,2023-06-07 16:33:50.550197
343,24755.849609375,31.426735144887925,False,2023-06-07 16:33:50.567843
344,24737.5390625,31.66737636972581,False,2023-06-07 16:33:50.596525
345,24737.5390625,31.896559952231005,False,2023-06-07 16:33:50.613962
346,24737.5390625,32.137201177068896,False,2023-06-07 16:33:50.631351
347,24737.5390625,32.36638475957409,False,2023-06-07 16:33:50.650302
348,24737.5390625,32.607029399506565,False,2023-06-07 16:33:50.668450
349,24737.5390625,32.84767062434445,False,2023-06-07 16:33:50.686475
350,24737.5390625,33.08831184918234,False,2023-06-07 16:33:50.704631
351,24737.5390625,33.31749543168753,False,2023-06-07 16:33:50.725694
352,24737.48046875,33.535224786954615,True,2023-06-07 16:33:51.801698
353,24737.3046875,33.74151016026734,True,2023-06-07 16:33:51.801925
354,24737.5390625,34.02796487896309,False,2023-06-07 16:33:50.783048
355,24737.5390625,34.245687404041,False,2023-06-07 16:33:50.799636
356,24737.5390625,34.486328628878894,False,2023-06-07 16:33:50.827393
357,24737.5390625,34.71551221138408,False,2023-06-07 16:33:50.856816
358,24737.5390625,34.956153436221975,False,2023-06-07 16:33:50.880926
359,24737.6015625,35.208255718487145,True,2023-06-07 16:33:51.802006
360,24737.791015625,35.4718190581796,True,2023-06-07 16:33:51.802064
361,24728.384765625,35.64943471245119,False,2023-06-07 16:33:50.969119
362,24728.384765625,35.87861829495638,False,2023-06-07 16:33:50.987330
363,24728.384765625,36.107801877461576,False,2023-06-07 16:33:51.005761
364,24728.384765625,36.33698204487219,False,2023-06-07 16:33:51.024931
365,24728.384765625,36.56616562737738,False,2023-06-07 16:33:51.048507
366,24728.384765625,36.80681026730986,False,2023-06-07 16:33:51.066620
367,24719.228515625,37.02453279238777,False,2023-06-07 16:33:51.100610
368,24719.228515625,37.265174017225654,False,2023-06-07 16:33:51.119629
369,24719.228515625,37.50581865715813,False,2023-06-07 16:33:51.136293
370,24719.228515625,37.74645988199602,False,2023-06-07 16:33:51.170222
371,24719.228515625,37.96991293578757,False,2023-06-07 16:33:51.191478
372,24719.228515625,38.19909651829276,False,2023-06-07 16:33:51.226520
373,24719.228515625,38.40536140103798,False,2023-06-07 16:33:51.266699
374,24719.228515625,38.63454498354317,False,2023-06-07 16:33:51.291722
375,24710.07421875,38.857998037334724,False,2023-06-07 16:33:51.315539
376,24719.228515625,39.09863926217261,False,2023-06-07 16:33:51.343758
377,24710.07421875,39.327822844677804,False,2023-06-07 16:33:51.368665
378,24719.228515625,39.557006427183,False,2023-06-07 16:33:51.393339
379,24746.69140625,39.78568457568961,True,2023-06-07 16:33:51.802118
380,24792.45703125,40.01335868638823,True,2023-06-07 16:33:51.802173
381,24719.228515625,40.267472459363965,False,2023-06-07 16:33:51.483359
382,24719.228515625,40.49665604186916,False,2023-06-07 16:33:51.533924
383,24716.736328125,40.244570835076914,True,2023-06-07 16:33:51.802238
384,24710.07421875,40.97794190663952,False,2023-06-07 16:33:51.603180
385,24710.07421875,41.218583131477416,False,2023-06-07 16:33:51.622664
386,24719.228515625,41.00658772001856,False,2023-06-07 16:33:51.643544
387,24719.228515625,41.23577130252375,False,2023-06-07 16:33:51.668167
388,24719.228515625,41.464954885028945,False,2023-06-07 16:33:51.691060
389,24710.07421875,41.70559952496142,False,2023-06-07 16:33:51.714109
390,24719.228515625,41.94624074979931,False,2023-06-07 16:33:51.741331
391,24719.228515625,42.19834303206448,False,2023-06-07 16:33:51.759704
392,24719.228515625,42.4561724279487,False,2023-06-07 16:33:51.803139
393,24719.228515625,42.70827471021388,False,2023-06-07 16:33:51.815986
394,24719.228515625,42.948915935051765,False,2023-06-07 16:33:51.857783
395,24719.228515625,43.195287688603294,False,2023-06-07 16:33:51.906214
396,24719.259765625,43.44739338596305,True,2023-06-07 16:33:53.025032
397,24719.357421875,43.7052398573202,True,2023-06-07 16:33:53.025143
398,24719.228515625,43.93440294925789,False,2023-06-07 16:33:52.017983
399,24719.228515625,44.169317060476715,False,2023-06-07 16:33:52.035688
400,24728.384765625,44.40995828531461,False,2023-06-07 16:33:52.053556
401,24719.228515625,44.65633003886614,False,2023-06-07 16:33:52.071695
402,24719.228515625,44.90843232113131,False,2023-06-07 16:33:52.089370
403,24719.228515625,45.149073545969195,False,2023-06-07 16:33:52.107191
404,24728.384765625,45.39544529952072,False,2023-06-07 16:33:52.124874
405,24728.384765625,45.6475475817859,False,2023-06-07 16:33:52.142484
406,24728.384765625,45.88818880662379,False,2023-06-07 16:33:52.160699
407,24728.384765625,46.1460216176026,False,2023-06-07 16:33:52.182090
408,24728.484375,46.42104942981692,True,2023-06-07 16:33:53.025207
409,24728.384765625,46.66741093808469,False,2023-06-07 16:33:52.218162
410,24731.490234375,47.452285051083784,True,2023-06-07 16:33:53.025284
411,24728.384765625,47.148696802855056,False,2023-06-07 16:33:52.253346
412,24728.384765625,47.395068556406585,False,2023-06-07 16:33:52.271071
413,24728.384765625,47.63570978124447,False,2023-06-07 16:33:52.289089
414,24728.384765625,47.864893363749665,False,2023-06-07 16:33:52.307006
415,24728.326171875,48.08262271901675,True,2023-06-07 16:33:53.025351
416,24728.384765625,48.35763687085273,False,2023-06-07 16:33:52.342892
417,24728.384765625,48.6097391531179,False,2023-06-07 16:33:52.360375
418,24728.384765625,48.84465326433673,False,2023-06-07 16:33:52.378430
419,24728.384765625,49.08529448917462,False,2023-06-07 16:33:52.396891
420,24728.384765625,49.32593571401251,False,2023-06-07 16:33:52.414681
421,24728.384765625,49.566580353944985,False,2023-06-07 16:33:52.432597
422,24728.384765625,49.807231824066626,True,2023-06-07 16:33:53.025408
423,24728.384765625,50.05932386104804,False,2023-06-07 16:33:52.468883
424,24728.384765625,50.29996508588593,False,2023-06-07 16:33:52.486245
425,24727.013671875,50.28852110393158,True,2023-06-07 16:33:53.025463
426,24728.384765625,50.76978989322902,False,2023-06-07 16:33:52.522007
427,24728.384765625,51.004704004447845,False,2023-06-07 16:33:52.540847
428,24728.384765625,51.2396147005721,False,2023-06-07 16:33:52.558484
429,24728.384765625,51.485986454123626,False,2023-06-07 16:33:52.576478
430,24728.384765625,51.7266310940561,False,2023-06-07 16:33:52.594329
431,24728.384765625,51.96727231889399,False,2023-06-07 16:33:52.612255
432,24728.384765625,52.21937460115916,False,2023-06-07 16:33:52.629956
433,24737.5390625,52.46574635471069,False,2023-06-07 16:33:52.647947
434,24755.81640625,52.70612461726554,True,2023-06-07 16:33:53.025517
435,24783.181640625,52.94026350201357,True,2023-06-07 16:33:53.025571
436,24737.5390625,53.17621238689166,False,2023-06-07 16:33:52.703369
437,24737.5390625,53.41685361172955,False,2023-06-07 16:33:52.721178
438,24737.5390625,53.646037194234744,False,2023-06-07 16:33:52.738924
439,24737.5390625,53.87522077673994,False,2023-06-07 16:33:52.756625
440,24737.5390625,54.10440435924513,False,2023-06-07 16:33:52.774296
441,24737.5390625,54.34504558408302,False,2023-06-07 16:33:52.792068
442,24737.5390625,54.585690224015494,False,2023-06-07 16:33:52.809590
443,24737.5390625,54.83778909118608,False,2023-06-07 16:33:52.827446
444,24737.5390625,55.066972673691275,False,2023-06-07 16:33:52.845012
445,24737.419921875,55.273247801720245,True,2023-06-07 16:33:53.025624
446,24737.5390625,55.07843373111855,False,2023-06-07 16:33:52.881088
447,24737.5390625,55.319074955956445,False,2023-06-07 16:33:52.898257
448,24738.78515625,55.78887585763743,True,2023-06-07 16:33:53.025679
449,24737.5390625,55.788899763299526,False,2023-06-07 16:33:52.934091
450,24737.5390625,56.01808334580472,False,2023-06-07 16:33:52.952140
451,24736.29296875,56.00663936385036,True,2023-06-07 16:33:53.028191
452,24737.5390625,56.4879081531478,False,2023-06-07 16:33:52.988034
453,24737.5390625,56.728552793080276,False,2023-06-07 16:33:53.007030
454,24737.5390625,56.95773296049088,False,2023-06-07 16:33:53.029908
455,24737.48046875,57.17545207047421,True,2023-06-07 16:33:54.089372
456,24737.3046875,57.381716953219424,True,2023-06-07 16:33:54.089622
457,24737.5390625,57.68539399390736,False,2023-06-07 16:33:53.078571
458,24737.5390625,57.90884363260433,False,2023-06-07 16:33:53.096111
459,24734.9921875,57.628095536960124,True,2023-06-07 16:33:54.089710
460,24737.5390625,58.37867185504199,False,2023-06-07 16:33:53.135507
461,24737.5390625,58.607852022452605,False,2023-06-07 16:33:53.153492
462,24736.29296875,58.59639779521449,True,2023-06-07 16:33:54.090543
463,24737.5390625,59.08913447212838,False,2023-06-07 16:33:53.193096
464,24740.28125,59.8224577323668,True,2023-06-07 16:33:54.090642
465,24728.384765625,59.56469322327969,False,2023-06-07 16:33:53.228862
466,24728.384765625,59.78814286197665,False,2023-06-07 16:33:53.246488
467,24737.5390625,60.02879091700372,False,2023-06-07 16:33:53.264539
468,24737.5390625,60.269432141841605,False,2023-06-07 16:33:53.282302
469,24737.5390625,60.49861230925221,False,2023-06-07 16:33:53.300058
470,24728.384765625,60.72779930685199,False,2023-06-07 16:33:53.321440
471,24728.384765625,60.956979474262596,False,2023-06-07 16:33:53.339492
472,24728.384765625,61.18615964167321,False,2023-06-07 16:33:53.357285
473,24728.384765625,61.41534663927298,True,2023-06-07 16:33:54.090707
474,24728.384765625,61.64453363687276,True,2023-06-07 16:33:54.090774
475,24728.384765625,61.896629088948764,False,2023-06-07 16:33:53.414330
476,24728.384765625,62.12581608654854,False,2023-06-07 16:33:53.432141
477,24728.384765625,62.35499625395915,False,2023-06-07 16:33:53.449894
478,24728.384765625,62.578452722845284,False,2023-06-07 16:33:53.468302
479,24728.384765625,62.81909394768317,False,2023-06-07 16:33:53.486692
480,24737.5390625,63.059735172521066,False,2023-06-07 16:33:53.504879
481,24737.5390625,63.306106926072594,False,2023-06-07 16:33:53.523302
482,24737.5390625,63.54674815091048,False,2023-06-07 16:33:53.544193
483,24737.5390625,63.78738937574837,False,2023-06-07 16:33:53.561901
484,24737.5390625,64.02803743077543,True,2023-06-07 16:33:54.092246
485,24737.5390625,64.28013288285143,False,2023-06-07 16:33:53.598990
486,24737.5390625,64.51505040916486,False,2023-06-07 16:33:53.616886
487,24737.5390625,64.75569163400274,False,2023-06-07 16:33:53.635059
488,24737.5390625,64.99633285884063,False,2023-06-07 16:33:53.653165
489,24737.5390625,65.23697408367852,False,2023-06-07 16:33:53.671271
490,24737.5390625,65.4776153085164,False,2023-06-07 16:33:53.689198
491,24755.849609375,65.73544811949522,False,2023-06-07 16:33:53.707309
492,24792.5703125,66.00986462977882,True,2023-06-07 16:33:54.092329
493,24847.8046875,66.30019548082855,True,2023-06-07 16:33:54.092389
494,24755.849609375,66.48602443757709,False,2023-06-07 16:33:53.764904
495,24745.91796875,67.73067614965018,True,2023-06-07 16:33:54.092460
496,24755.849609375,66.9959527006319,False,2023-06-07 16:33:53.800672
497,24755.849609375,67.25951604032436,False,2023-06-07 16:33:53.818664
498,24755.849609375,67.48869620773496,False,2023-06-07 16:33:53.836852
499,24755.849609375,67.71788320533474,False,2023-06-07 16:33:53.855975
500,24755.849609375,67.95852443017263,False,2023-06-07 16:33:53.874583
501,24755.912109375,68.21061988224864,True,2023-06-07 16:33:54.095302
502,24755.849609375,68.44553740856205,False,2023-06-07 16:33:53.912234
503,24755.849609375,68.69763969082722,False,2023-06-07 16:33:53.931585
504,24765.005859375,68.94974197309239,False,2023-06-07 16:33:53.965325
505,24765.005859375,69.19611372664392,False,2023-06-07 16:33:53.984950
506,24765.005859375,68.96692672904415,False,2023-06-07 16:33:54.020560
507,24765.005859375,69.21902901130932,False,2023-06-07 16:33:54.038335
508,24765.005859375,69.46540076486085,False,2023-06-07 16:33:54.095395
509,24765.005859375,69.7289641045533,False,2023-06-07 16:33:54.117444
510,24765.005859375,69.9581442719639,False,2023-06-07 16:33:54.135864
511,24765.005859375,70.19879232699095,False,2023-06-07 16:33:54.160766
512,24765.068359375,70.45090826963447,True,2023-06-07 16:33:55.211005
513,24765.005859375,70.66861371923946,False,2023-06-07 16:33:54.205044
514,24765.005859375,70.90925494407735,False,2023-06-07 16:33:54.221307
515,24765.005859375,71.15562669762888,False,2023-06-07 16:33:54.239505
516,24765.005859375,71.39626792246676,False,2023-06-07 16:33:54.299946
517,24755.849609375,71.64837020473193,False,2023-06-07 16:33:54.320703
518,24755.849609375,71.87755720233172,False,2023-06-07 16:33:54.344629
519,24764.88671875,72.08358302845598,True,2023-06-07 16:33:55.211276
520,24765.005859375,72.36457018072113,False,2023-06-07 16:33:54.404251
521,24765.005859375,72.59948087684538,False,2023-06-07 16:33:54.424263
522,24765.005859375,72.84012210168328,False,2023-06-07 16:33:54.441887
523,24755.849609375,73.06930909928305,False,2023-06-07 16:33:54.476392
524,24755.849609375,73.31568085283457,False,2023-06-07 16:33:54.519554
525,24755.849609375,73.5448610202452,False,2023-06-07 16:33:54.545460
526,24755.849609375,73.7797785465586,False,2023-06-07 16:33:54.576469
527,24755.849609375,74.00895871396921,False,2023-06-07 16:33:54.600407
528,24755.849609375,74.24959993880711,False,2023-06-07 16:33:54.626493
529,24755.849609375,74.49597169235864,False,2023-06-07 16:33:54.648606
530,24755.849609375,74.74807397462381,False,2023-06-07 16:33:54.683092
531,24755.849609375,74.9887151994617,False,2023-06-07 16:33:54.714213
532,24755.849609375,75.22935642429958,False,2023-06-07 16:33:54.745807
533,24755.849609375,75.44708236447208,False,2023-06-07 16:33:54.794499
534,24755.736328125,75.64189985016836,True,2023-06-07 16:33:55.211455
535,24755.41015625,75.8138088813884,True,2023-06-07 16:33:55.211607
536,24754.78125,75.9628162883214,True,2023-06-07 16:33:55.211753
537,24753.771484375,76.08893573134569,True,2023-06-07 16:33:55.211918
538,24755.849609375,76.65602584756434,False,2023-06-07 16:33:54.958065
539,24755.849609375,76.86801442883402,False,2023-06-07 16:33:55.017406
540,24755.849609375,77.10866248386108,False,2023-06-07 16:33:55.041763
541,24755.849609375,77.33784265127169,False,2023-06-07 16:33:55.060103
542,24755.849609375,77.57848387610957,False,2023-06-07 16:33:55.120203
543,24755.849609375,77.80767087370936,False,2023-06-07 16:33:55.141561
544,24755.849609375,78.04831209854724,False,2023-06-07 16:33:55.164801
545,24755.849609375,78.26603803871974,False,2023-06-07 16:33:55.193838
546,24755.849609375,78.49521820613035,False,2023-06-07 16:33:55.216422
547,24755.849609375,78.73585943096823,False,2023-06-07 16:33:55.232122
548,24755.849609375,78.9879617132334,False,2023-06-07 16:33:55.249325
549,24755.849609375,79.21714188064402,False,2023-06-07 16:33:55.266725
550,24755.849609375,79.45778993567107,False,2023-06-07 16:33:55.296748
551,24755.849609375,79.68697010308168,False,2023-06-07 16:33:55.349248
552,24755.849609375,79.93907238534686,False,2023-06-07 16:33:55.367097
553,24755.98046875,80.21409678246658,True,2023-06-07 16:33:56.448005
554,24737.5390625,80.40889377759535,False,2023-06-07 16:33:55.444545
555,24755.849609375,80.6495418326224,False,2023-06-07 16:33:55.461054
556,24809.533203125,80.6604769654836,True,2023-06-07 16:33:56.448145
557,24755.849609375,81.10790216744363,False,2023-06-07 16:33:55.530105
558,24737.5390625,81.33708916504341,False,2023-06-07 16:33:55.554315
559,24737.5390625,81.56626933245401,False,2023-06-07 16:33:55.580878
560,24755.84765625,81.79493723567687,True,2023-06-07 16:33:56.448272
561,24737.5390625,82.04755861231897,False,2023-06-07 16:33:55.635054
562,24737.5390625,82.25955402377781,False,2023-06-07 16:33:55.654187
563,24737.5390625,82.49446471990207,False,2023-06-07 16:33:55.679863
564,24728.384765625,82.72937541602631,False,2023-06-07 16:33:55.714081
565,24719.228515625,82.94710135619881,False,2023-06-07 16:33:55.740121
566,24719.228515625,82.71791435859903,False,2023-06-07 16:33:55.760015
567,24719.228515625,82.92990977005789,False,2023-06-07 16:33:55.780841
568,24719.228515625,83.1361746528031,False,2023-06-07 16:33:55.799739
569,24710.07421875,83.35963112168925,False,2023-06-07 16:33:55.831604
570,24710.07421875,83.60600287524078,False,2023-06-07 16:33:55.851564
571,24710.07421875,83.82945251393774,False,2023-06-07 16:33:55.871277
572,24710.07421875,84.04717845411024,False,2023-06-07 16:33:55.889021
573,24710.07421875,84.26490439428272,False,2023-06-07 16:33:55.906993
574,24700.91796875,84.49981509040698,False,2023-06-07 16:33:55.948677
575,24682.697265625,84.75219058023895,True,2023-06-07 16:33:56.448345
576,24700.91796875,84.95818225541737,False,2023-06-07 16:33:56.002100
577,24691.763671875,85.17590819558986,False,2023-06-07 16:33:56.047556
578,24700.91796875,85.40508836300047,False,2023-06-07 16:33:56.064965
579,24691.763671875,85.6285448318866,False,2023-06-07 16:33:56.103489
580,24691.763671875,85.84626394186994,False,2023-06-07 16:33:56.123764
581,24691.763671875,86.0754509394697,False,2023-06-07 16:33:56.161267
582,24691.822265625,86.31610582468593,True,2023-06-07 16:33:56.448409
583,24691.763671875,86.55673338914549,False,2023-06-07 16:33:56.229942
584,24691.763671875,86.79737461398338,False,2023-06-07 16:33:56.248265
585,24691.763671875,87.03801583882127,False,2023-06-07 16:33:56.266992
586,24691.763671875,87.27866389384833,True,2023-06-07 16:33:56.448472
587,24691.763671875,87.51930511868622,False,2023-06-07 16:33:56.313767
588,24691.763671875,87.76567687223775,False,2023-06-07 16:33:56.334634
589,24691.763671875,87.99485703964835,False,2023-06-07 16:33:56.377555
590,24691.763671875,88.23549826448624,False,2023-06-07 16:33:56.396532
591,24691.763671875,88.47613948932413,False,2023-06-07 16:33:56.433870
592,24691.763671875,88.71678754435119,False,2023-06-07 16:33:56.455353
593,24682.607421875,88.95742876918908,False,2023-06-07 16:33:56.473275
594,24682.607421875,89.20953105145425,False,2023-06-07 16:33:56.497694
595,24691.763671875,89.45590280500578,False,2023-06-07 16:33:56.517202
596,24691.763671875,89.71945931450907,False,2023-06-07 16:33:56.548716
597,24691.763671875,89.93718525468157,False,2023-06-07 16:33:56.566207
598,24691.5390625,90.10908745571244,True,2023-06-07 16:33:57.624839
599,24682.607421875,90.43565929049826,False,2023-06-07 16:33:56.617654
600,24667.455078125,91.21567372390288,True,2023-06-07 16:33:57.625753
601,24691.763671875,90.92840279760132,False,2023-06-07 16:33:56.673294
602,24719.1640625,91.41436392685856,True,2023-06-07 16:33:57.626950
603,24691.763671875,91.39822418984981,False,2023-06-07 16:33:56.714269
604,24691.763671875,91.63887224487688,False,2023-06-07 16:33:56.732991
605,24691.763671875,91.89669822566651,False,2023-06-07 16:33:56.773716
606,24691.763671875,92.15453103664532,False,2023-06-07 16:33:56.793870
607,24691.763671875,92.39517226148322,False,2023-06-07 16:33:56.832166
608,24691.763671875,92.63581348632111,False,2023-06-07 16:33:56.861961
609,24691.763671875,92.87646154134816,True,2023-06-07 16:33:57.628046
610,24691.763671875,93.12855699342417,False,2023-06-07 16:33:56.926000
611,24691.763671875,93.38638980440298,False,2023-06-07 16:33:56.973794
612,24690.396484375,93.40933240982505,True,2023-06-07 16:33:57.628772
613,24691.763671875,93.88486384021968,False,2023-06-07 16:33:57.021266
614,24700.91796875,94.12550506505757,False,2023-06-07 16:33:57.038746
615,24717.826171875,94.1083476298625,True,2023-06-07 16:33:57.629747
616,24691.763671875,94.61824857216062,False,2023-06-07 16:33:57.085060
617,24691.763671875,94.86462032571215,False,2023-06-07 16:33:57.102643
618,24691.763671875,95.11672260797732,False,2023-06-07 16:33:57.121447
619,24691.763671875,95.35736383281522,False,2023-06-07 16:33:57.143538
620,24691.763671875,95.6094661150804,False,2023-06-07 16:33:57.162780
621,24691.763671875,95.85010733991828,False,2023-06-07 16:33:57.184642
622,24691.701171875,96.07929433751805,True,2023-06-07 16:33:57.630460
623,24691.517578125,96.29702710787973,True,2023-06-07 16:33:57.630954
624,24691.763671875,96.61787524414108,False,2023-06-07 16:33:57.271026
625,24700.89453125,97.91238733715525,True,2023-06-07 16:33:57.632152
626,24700.91796875,96.65798211494739,False,2023-06-07 16:33:57.307529
627,24691.763671875,96.89862333978527,False,2023-06-07 16:33:57.328653
628,24665.390625,97.34054340927428,True,2023-06-07 16:33:57.632863
629,24691.763671875,97.42001266026737,False,2023-06-07 16:33:57.383078
630,24691.763671875,97.64919965786714,False,2023-06-07 16:33:57.412264
631,24691.763671875,97.90702563865679,False,2023-06-07 16:33:57.443656
632,24700.91796875,98.13621263625656,False,2023-06-07 16:33:57.461351
633,24691.763671875,98.38831491852174,False,2023-06-07 16:33:57.485953
634,24664.431640625,98.66391988172091,True,2023-06-07 16:33:57.633524
635,24691.763671875,98.87532789691116,False,2023-06-07 16:33:57.522784
636,24691.763671875,99.12743017917633,False,2023-06-07 16:33:57.546234
637,24700.91796875,99.38525615996596,False,2023-06-07 16:33:57.576277
638,24719.259765625,99.64851897133494,True,2023-06-07 16:33:57.634212
639,24691.763671875,99.87799966706903,False,2023-06-07 16:33:57.612510
640,24666.91796875,100.60696526661698,True,2023-06-07 16:33:58.669267
641,24691.763671875,100.37647370288573,False,2023-06-07 16:33:57.664200
642,24700.98046875,100.88015917303915,True,2023-06-07 16:33:58.671024
643,24719.46875,101.38852332277403,True,2023-06-07 16:33:58.671125
644,24691.763671875,101.10986526501584,False,2023-06-07 16:33:57.739376
645,24695.650390625,102.07810605156769,True,2023-06-07 16:33:58.671196
646,24708.556640625,103.2805676851376,True,2023-06-07 16:33:58.671293
647,24691.763671875,101.86616528162219,False,2023-06-07 16:33:57.841940
648,24691.763671875,102.10680650646007,False,2023-06-07 16:33:57.859048
649,24688.962890625,101.83180259990786,True,2023-06-07 16:33:58.671359
650,24691.763671875,102.59955001356313,False,2023-06-07 16:33:57.895189
651,24694.56640625,103.34433433122884,True,2023-06-07 16:33:58.671438
652,24704.40625,104.34072915753947,True,2023-06-07 16:33:58.671503
653,24682.607421875,103.35585686035866,False,2023-06-07 16:33:57.948569
654,24682.607421875,103.58503702776926,False,2023-06-07 16:33:57.966425
655,24682.607421875,103.83713931003443,False,2023-06-07 16:33:57.984463
656,24682.607421875,104.0892415922996,False,2023-06-07 16:33:58.002248
657,24673.453125,104.34707440327841,False,2023-06-07 16:33:58.020307
658,24682.607421875,104.5877156281163,False,2023-06-07 16:33:58.038140
659,24673.453125,104.84554843909511,False,2023-06-07 16:33:58.055893
660,24682.607421875,105.086189663933,False,2023-06-07 16:33:58.073800
661,24682.607421875,105.34975300362545,False,2023-06-07 16:33:58.091775
662,24682.607421875,105.5846636997497,False,2023-06-07 16:33:58.109619
663,24673.453125,105.82530492458758,False,2023-06-07 16:33:58.128205
664,24655.17578125,106.07195671589508,True,2023-06-07 16:33:58.674835
665,24673.453125,106.31804843169066,False,2023-06-07 16:33:58.163612
666,24673.453125,106.57015071395583,False,2023-06-07 16:33:58.184126
667,24673.453125,106.79933088136643,False,2023-06-07 16:33:58.202663
668,24673.453125,107.04570263491796,False,2023-06-07 16:33:58.220491
669,24673.453125,107.30926597461041,False,2023-06-07 16:33:58.238589
670,24664.296875,107.5499071994483,False,2023-06-07 16:33:58.255061
671,24673.453125,107.80774001042711,False,2023-06-07 16:33:58.276375
672,24673.453125,108.048381235265,False,2023-06-07 16:33:58.294178
673,24664.205078125,108.27210408152877,True,2023-06-07 16:33:58.674958
674,24664.296875,108.5468552710817,False,2023-06-07 16:33:58.331130
675,24664.296875,108.78749649591958,False,2023-06-07 16:33:58.348804
676,24664.296875,109.02813772075748,False,2023-06-07 16:33:58.366616
677,24664.296875,109.26878577578454,True,2023-06-07 16:33:58.675037
678,24664.296875,109.5094338308116,True,2023-06-07 16:33:58.675109
679,24664.296875,109.75006822546031,False,2023-06-07 16:33:58.420590
680,24672.126953125,110.95298065151545,True,2023-06-07 16:33:58.675199
681,24655.142578125,110.24854226127702,False,2023-06-07 16:33:58.456073
682,24655.142578125,110.48918348611491,False,2023-06-07 16:33:58.473926
683,24655.142578125,110.73555523966644,False,2023-06-07 16:33:58.492124
684,24664.296875,110.98765752193161,False,2023-06-07 16:33:58.509758
685,24664.296875,111.24548350272124,False,2023-06-07 16:33:58.528369
686,24655.17578125,111.50932688016967,True,2023-06-07 16:33:58.675300
687,24655.142578125,111.29705143095485,False,2023-06-07 16:33:58.564073
688,24664.296875,111.55488424193366,False,2023-06-07 16:33:58.581550
689,24664.296875,111.81844075143694,False,2023-06-07 16:33:58.599922
690,24664.296875,112.04762774903672,False,2023-06-07 16:33:58.617247
691,24664.296875,112.30546056001553,False,2023-06-07 16:33:58.635225
692,24664.296875,112.56901706951881,False,2023-06-07 16:33:58.653260
693,24664.296875,112.85549569387665,False,2023-06-07 16:33:58.680778
694,24664.4453125,113.16490326327823,True,2023-06-07 16:33:59.718182
695,24673.453125,113.38834607178603,False,2023-06-07 16:33:58.716485
696,24673.453125,113.64617888276484,False,2023-06-07 16:33:58.733813
697,24664.296875,113.89828116503001,False,2023-06-07 16:33:58.751786
698,24664.296875,114.15611397600883,False,2023-06-07 16:33:58.769506
699,24673.453125,114.4196704855121,False,2023-06-07 16:33:58.787426
700,24673.453125,114.67749646630175,False,2023-06-07 16:33:58.805336
701,24673.453125,114.946797164897,False,2023-06-07 16:33:58.823074
702,24673.453125,115.19889944716218,False,2023-06-07 16:33:58.841321
703,24673.453125,115.45672542795182,False,2023-06-07 16:33:58.859173
704,24673.453125,115.73747352359602,False,2023-06-07 16:33:58.877275
705,24673.453125,115.99529950438567,False,2023-06-07 16:33:58.895574
706,24682.607421875,116.24740178665084,False,2023-06-07 16:33:58.913345
707,24682.607421875,116.50524142781882,False,2023-06-07 16:33:58.931058
708,24682.607421875,116.75734371008399,False,2023-06-07 16:33:58.948746
709,24673.453125,117.01516969087363,False,2023-06-07 16:33:58.966539
710,24673.453125,117.27873303056609,False,2023-06-07 16:33:58.984534
711,24682.607421875,117.548020068783,False,2023-06-07 16:33:59.002401
712,24682.607421875,117.80584604957265,False,2023-06-07 16:33:59.020148
713,24682.607421875,118.05794833183782,False,2023-06-07 16:33:59.037861
714,24682.607421875,118.31005061410299,False,2023-06-07 16:33:59.055899
715,24673.453125,118.56789025527097,False,2023-06-07 16:33:59.073623
716,24655.177734375,118.83176778366524,True,2023-06-07 16:33:59.718711
717,24673.453125,119.09500327427753,False,2023-06-07 16:33:59.109758
718,24682.607421875,119.3471055565427,False,2023-06-07 16:33:59.127289
719,24673.453125,119.59920783880787,False,2023-06-07 16:33:59.145309
720,24673.453125,119.84558642254858,False,2023-06-07 16:33:59.163155
721,24673.453125,120.1148734607655,False,2023-06-07 16:33:59.180712
722,24673.453125,120.37843680045795,False,2023-06-07 16:33:59.198462
723,24673.453125,120.64772383867488,False,2023-06-07 16:33:59.216244
724,24673.453125,120.90554981946451,False,2023-06-07 16:33:59.233962
725,24673.453125,121.15765210172968,False,2023-06-07 16:33:59.251861
726,24673.453125,121.39829332656757,False,2023-06-07 16:33:59.269389
727,24673.453125,121.66759402516284,False,2023-06-07 16:33:59.287064
728,24673.453125,121.92542000595247,False,2023-06-07 16:33:59.303197
729,24673.453125,122.18898334564493,False,2023-06-07 16:33:59.320607
730,24673.453125,122.43534826900729,False,2023-06-07 16:33:59.338322
731,24673.357421875,122.66451477603955,True,2023-06-07 16:33:59.720240
732,24673.453125,122.93955283353763,False,2023-06-07 16:33:59.375262
733,24673.453125,123.19737881432727,False,2023-06-07 16:33:59.393157
734,24672.021484375,123.20885353213289,True,2023-06-07 16:33:59.720366
735,24673.453125,123.71878179518771,False,2023-06-07 16:33:59.431594
736,24673.453125,123.9594230200256,False,2023-06-07 16:33:59.448434
737,24673.453125,124.20578794338796,False,2023-06-07 16:33:59.466063
738,24673.453125,124.4693512830804,False,2023-06-07 16:33:59.483925
739,24673.453125,124.72717726387005,False,2023-06-07 16:33:59.501470
740,24673.419921875,124.97926588575687,True,2023-06-07 16:33:59.720456
741,24673.453125,125.20847337392416,False,2023-06-07 16:33:59.537275
742,24675.87890625,125.91318497172941,True,2023-06-07 16:33:59.721681
743,24684.27734375,126.84099786858394,True,2023-06-07 16:33:59.721781
744,24673.453125,125.95904286181687,False,2023-06-07 16:33:59.590932
745,24673.453125,126.22832990003378,False,2023-06-07 16:33:59.608883
746,24673.453125,126.00487343114766,False,2023-06-07 16:33:59.626922
747,24673.453125,126.25697571341283,False,2023-06-07 16:33:59.644615
748,24673.453125,126.5148153545808,False,2023-06-07 16:33:59.662239
749,24673.453125,126.75545657941869,False,2023-06-07 16:33:59.680622
750,24673.453125,127.02474361763562,False,2023-06-07 16:33:59.698169
751,24673.626953125,127.32267646923157,True,2023-06-07 16:34:00.737513
752,24673.453125,127.52894818216596,False,2023-06-07 16:33:59.733762
753,24673.453125,127.76958940700385,False,2023-06-07 16:33:59.752692
754,24673.453125,128.0274153877935,False,2023-06-07 16:33:59.772931
755,24673.552734375,128.3024261245349,True,2023-06-07 16:34:00.737710
756,24664.296875,128.52589625379935,False,2023-06-07 16:33:59.811916
757,24664.296875,128.77799853606453,False,2023-06-07 16:33:59.831782
758,24664.296875,129.04728557428146,False,2023-06-07 16:33:59.852012
759,24664.296875,129.27646574169205,False,2023-06-07 16:33:59.873504
760,24664.296875,129.52856802395723,False,2023-06-07 16:33:59.892480
761,24655.142578125,129.7692092487951,False,2023-06-07 16:33:59.910557
762,24636.771484375,129.99864896339417,True,2023-06-07 16:34:00.737799
763,24609.126953125,130.21713305456456,True,2023-06-07 16:34:00.737873
764,24645.986328125,130.51979239706617,False,2023-06-07 16:33:59.965469
765,24645.986328125,130.75469626300125,False,2023-06-07 16:33:59.983140
766,24645.986328125,131.0067985452664,False,2023-06-07 16:34:00.000841
767,24645.986328125,131.26462452605605,False,2023-06-07 16:34:00.018290
768,24645.986328125,131.53964892317578,False,2023-06-07 16:34:00.038835
769,24646.09375,131.8318717366256,True,2023-06-07 16:34:00.737943
770,24645.986328125,132.06677560256068,False,2023-06-07 16:34:00.074391
771,24648.978515625,132.84593626231907,True,2023-06-07 16:34:00.738024
772,24645.986328125,132.56524280818823,False,2023-06-07 16:34:00.110358
773,24627.67578125,132.8058840330261,False,2023-06-07 16:34:00.127384
774,24627.67578125,133.07517107124303,False,2023-06-07 16:34:00.145646
775,24627.67578125,133.35019546836276,False,2023-06-07 16:34:00.165747
776,24627.67578125,133.6080214491524,False,2023-06-07 16:34:00.183828
777,24645.986328125,133.8601237314176,False,2023-06-07 16:34:00.201337
778,24645.986328125,134.1351481285373,False,2023-06-07 16:34:00.218949
779,24645.986328125,134.41017252565703,False,2023-06-07 16:34:00.236705
780,24645.986328125,134.6966443198257,False,2023-06-07 16:34:00.254688
781,24655.142578125,134.99459083180002,False,2023-06-07 16:34:00.273176
782,24664.296875,135.2867999848715,False,2023-06-07 16:34:00.290710
783,24664.296875,135.58473283646745,False,2023-06-07 16:34:00.308624
784,24673.453125,135.86548093211167,False,2023-06-07 16:34:00.326537
785,24673.453125,136.14622902775588,False,2023-06-07 16:34:00.344236
786,24673.453125,136.43843818082735,False,2023-06-07 16:34:00.361934
787,24673.453125,136.696264161617,False,2023-06-07 16:34:00.380052
788,24673.25390625,136.91972063050312,True,2023-06-07 16:34:00.738093
789,24682.607421875,137.24631295585647,False,2023-06-07 16:34:00.415404
790,24704.537109375,138.08756003517024,True,2023-06-07 16:34:00.738171
791,24682.607421875,137.80780914714487,False,2023-06-07 16:34:00.454359
792,24691.763671875,138.10001830021636,False,2023-06-07 16:34:00.471559
793,24691.763671875,138.37504269733608,False,2023-06-07 16:34:00.489511
794,24691.763671875,138.6557907929803,False,2023-06-07 16:34:00.506988
795,24691.80078125,138.94226258714897,True,2023-06-07 16:34:00.738247
796,24700.91796875,139.20010222831695,False,2023-06-07 16:34:00.542906
797,24700.91796875,139.46938926653388,False,2023-06-07 16:34:00.560591
798,24700.91796875,139.73867630475078,False,2023-06-07 16:34:00.580450
799,24700.91796875,140.019424400395,False,2023-06-07 16:34:00.597875
800,24700.91796875,140.28871143861193,False,2023-06-07 16:34:00.616944
801,24700.91796875,140.5465510797799,False,2023-06-07 16:34:00.634318
802,24700.91796875,140.81583811799683,False,2023-06-07 16:34:00.652113
803,24700.91796875,141.09658621364102,False,2023-06-07 16:34:00.669698
804,24700.91796875,141.38879536671251,False,2023-06-07 16:34:00.687536
805,24700.91796875,141.65808240492944,False,2023-06-07 16:34:00.705052
806,24700.91796875,141.46900910832514,False,2023-06-07 16:34:00.722896
807,24700.91796875,141.7268350891148,False,2023-06-07 16:34:00.743208
808,24700.91796875,141.99613578771005,False,2023-06-07 16:34:00.759721
809,24700.91796875,142.26542282592698,False,2023-06-07 16:34:00.777613
810,24691.763671875,142.53470986414388,False,2023-06-07 16:34:00.795631
811,24700.91796875,142.80973426126363,False,2023-06-07 16:34:00.812997
812,24700.91796875,143.33684728027018,False,2023-06-07 16:34:00.849050
813,24700.91796875,143.60614797886547,False,2023-06-07 16:34:00.866417
814,24700.91796875,143.87543501708237,False,2023-06-07 16:34:00.884303
815,24700.91796875,144.1447220552993,False,2023-06-07 16:34:00.901814
816,24700.91796875,144.41974645241902,False,2023-06-07 16:34:00.920038
817,24700.91796875,144.68903349063595,False,2023-06-07 16:34:00.937528
818,24700.91796875,144.9468594714256,False,2023-06-07 16:34:00.955417
819,24700.91796875,145.508355662714,False,2023-06-07 16:34:00.993356
820,24700.91796875,145.78911741873654,False,2023-06-07 16:34:01.011120
821,24700.91796875,146.30476938031583,False,2023-06-07 16:34:01.047209
822,24700.91796875,146.56833272000827,False,2023-06-07 16:34:01.064931
823,24700.91796875,147.0897220404904,False,2023-06-07 16:34:01.100979
824,24700.91796875,147.3590090787073,False,2023-06-07 16:34:01.118680
825,24700.91796875,147.62830977730255,False,2023-06-07 16:34:01.136626
826,24700.91796875,147.8861357580922,False,2023-06-07 16:34:01.154112
827,24691.763671875,148.40752507857428,False,2023-06-07 16:34:01.190070
828,24691.763671875,148.6768121167912,False,2023-06-07 16:34:01.207750
829,24700.91796875,148.94611281538647,False,2023-06-07 16:34:01.225494
830,24700.91796875,149.22686091103068,False,2023-06-07 16:34:01.243827
831,24710.07421875,149.5076090066749,False,2023-06-07 16:34:01.261922
832,24700.91796875,149.7768960448918,False,2023-06-07 16:34:01.279924
833,24710.07421875,150.5962318773482,False,2023-06-07 16:34:01.333694
834,24719.228515625,150.87697997299242,False,2023-06-07 16:34:01.351313
835,24719.228515625,151.14626701120932,False,2023-06-07 16:34:01.369388
836,24719.228515625,151.41555404942625,False,2023-06-07 16:34:01.386901
837,24728.384765625,152.23488988188265,False,2023-06-07 16:34:01.440593
838,24728.384765625,152.4984532215751,False,2023-06-07 16:34:01.458226
839,24728.384765625,153.03702729800895,False,2023-06-07 16:34:01.494105
